ARM GAS  /var/folders/5c/srt4fy4j1pd641bjfx75k5000000gn/T//ccbEqwAF.s 			page 1


   1              		.cpu cortex-m4
   2              		.arch armv7e-m
   3              		.fpu fpv4-sp-d16
   4              		.eabi_attribute 27, 1
   5              		.eabi_attribute 28, 1
   6              		.eabi_attribute 20, 1
   7              		.eabi_attribute 21, 1
   8              		.eabi_attribute 23, 3
   9              		.eabi_attribute 24, 1
  10              		.eabi_attribute 25, 1
  11              		.eabi_attribute 26, 1
  12              		.eabi_attribute 30, 1
  13              		.eabi_attribute 34, 1
  14              		.eabi_attribute 18, 4
  15              		.file	"bldc.c"
  16              		.text
  17              	.Ltext0:
  18              		.cfi_sections	.debug_frame
  19              		.file 1 "src/bldc/bldc.c"
  20              		.section	.text.SinDeg,"ax",%progbits
  21              		.align	1
  22              		.syntax unified
  23              		.thumb
  24              		.thumb_func
  26              	SinDeg:
  27              	.LVL0:
  28              	.LFB124:
  29              		.file 2 "Lib/mymath/mymath.h"
   1:Lib/mymath/mymath.h **** #ifndef MYMATH_H_
   2:Lib/mymath/mymath.h **** #define MYMATH_H_
   3:Lib/mymath/mymath.h **** 
   4:Lib/mymath/mymath.h **** #define PI 3.1415926535897932384626433832795
   5:Lib/mymath/mymath.h **** #define HALF_PI 1.5707963267948966192313216916398
   6:Lib/mymath/mymath.h **** #define TWO_PI 6.283185307179586476925286766559
   7:Lib/mymath/mymath.h **** #define DEG_TO_RAD 0.017453292519943295769236907684886
   8:Lib/mymath/mymath.h **** #define RAD_TO_DEG 57.295779513082320876798154814105
   9:Lib/mymath/mymath.h **** 
  10:Lib/mymath/mymath.h **** #define Abs(x) ((x) > 0 ? (x) : -(x))
  11:Lib/mymath/mymath.h **** #define Constrain(amt, low, high) ((amt) < (low) ? (low) : ((amt) > (high) ? (high) : (amt)))
  12:Lib/mymath/mymath.h **** #define Radians(deg) ((deg) * DEG_TO_RAD)
  13:Lib/mymath/mymath.h **** #define Degrees(rad) ((rad) * RAD_TO_DEG)
  14:Lib/mymath/mymath.h **** 
  15:Lib/mymath/mymath.h **** #define SIN0 0
  16:Lib/mymath/mymath.h **** #define SIN1 0.0174524064372835
  17:Lib/mymath/mymath.h **** #define SIN2 0.034899496702501
  18:Lib/mymath/mymath.h **** #define SIN3 0.0523359562429438
  19:Lib/mymath/mymath.h **** #define SIN4 0.0697564737441253
  20:Lib/mymath/mymath.h **** #define SIN5 0.0871557427476582
  21:Lib/mymath/mymath.h **** #define SIN6 0.104528463267653
  22:Lib/mymath/mymath.h **** #define SIN7 0.121869343405147
  23:Lib/mymath/mymath.h **** #define SIN8 0.139173100960065
  24:Lib/mymath/mymath.h **** #define SIN9 0.156434465040231
  25:Lib/mymath/mymath.h **** #define SIN10 0.17364817766693
  26:Lib/mymath/mymath.h **** #define SIN11 0.190808995376545
  27:Lib/mymath/mymath.h **** #define SIN12 0.207911690817759
  28:Lib/mymath/mymath.h **** #define SIN13 0.224951054343865
  29:Lib/mymath/mymath.h **** #define SIN14 0.241921895599668
ARM GAS  /var/folders/5c/srt4fy4j1pd641bjfx75k5000000gn/T//ccbEqwAF.s 			page 2


  30:Lib/mymath/mymath.h **** #define SIN15 0.258819045102521
  31:Lib/mymath/mymath.h **** #define SIN16 0.275637355816999
  32:Lib/mymath/mymath.h **** #define SIN17 0.292371704722737
  33:Lib/mymath/mymath.h **** #define SIN18 0.309016994374947
  34:Lib/mymath/mymath.h **** #define SIN19 0.325568154457157
  35:Lib/mymath/mymath.h **** #define SIN20 0.342020143325669
  36:Lib/mymath/mymath.h **** #define SIN21 0.3583679495453
  37:Lib/mymath/mymath.h **** #define SIN22 0.374606593415912
  38:Lib/mymath/mymath.h **** #define SIN23 0.390731128489274
  39:Lib/mymath/mymath.h **** #define SIN24 0.4067366430758
  40:Lib/mymath/mymath.h **** #define SIN25 0.422618261740699
  41:Lib/mymath/mymath.h **** #define SIN26 0.438371146789077
  42:Lib/mymath/mymath.h **** #define SIN27 0.453990499739547
  43:Lib/mymath/mymath.h **** #define SIN28 0.469471562785891
  44:Lib/mymath/mymath.h **** #define SIN29 0.484809620246337
  45:Lib/mymath/mymath.h **** #define SIN30 0.5
  46:Lib/mymath/mymath.h **** #define SIN31 0.515038074910054
  47:Lib/mymath/mymath.h **** #define SIN32 0.529919264233205
  48:Lib/mymath/mymath.h **** #define SIN33 0.544639035015027
  49:Lib/mymath/mymath.h **** #define SIN34 0.559192903470747
  50:Lib/mymath/mymath.h **** #define SIN35 0.573576436351046
  51:Lib/mymath/mymath.h **** #define SIN36 0.587785252292473
  52:Lib/mymath/mymath.h **** #define SIN37 0.601815023152048
  53:Lib/mymath/mymath.h **** #define SIN38 0.615661475325658
  54:Lib/mymath/mymath.h **** #define SIN39 0.629320391049838
  55:Lib/mymath/mymath.h **** #define SIN40 0.642787609686539
  56:Lib/mymath/mymath.h **** #define SIN41 0.656059028990507
  57:Lib/mymath/mymath.h **** #define SIN42 0.669130606358858
  58:Lib/mymath/mymath.h **** #define SIN43 0.681998360062498
  59:Lib/mymath/mymath.h **** #define SIN44 0.694658370458997
  60:Lib/mymath/mymath.h **** #define SIN45 0.707106781186547
  61:Lib/mymath/mymath.h **** #define SIN46 0.719339800338651
  62:Lib/mymath/mymath.h **** #define SIN47 0.73135370161917
  63:Lib/mymath/mymath.h **** #define SIN48 0.743144825477394
  64:Lib/mymath/mymath.h **** #define SIN49 0.754709580222772
  65:Lib/mymath/mymath.h **** #define SIN50 0.766044443118978
  66:Lib/mymath/mymath.h **** #define SIN51 0.777145961456971
  67:Lib/mymath/mymath.h **** #define SIN52 0.788010753606722
  68:Lib/mymath/mymath.h **** #define SIN53 0.798635510047293
  69:Lib/mymath/mymath.h **** #define SIN54 0.809016994374947
  70:Lib/mymath/mymath.h **** #define SIN55 0.819152044288992
  71:Lib/mymath/mymath.h **** #define SIN56 0.829037572555042
  72:Lib/mymath/mymath.h **** #define SIN57 0.838670567945424
  73:Lib/mymath/mymath.h **** #define SIN58 0.848048096156426
  74:Lib/mymath/mymath.h **** #define SIN59 0.857167300702112
  75:Lib/mymath/mymath.h **** #define SIN60 0.866025403784439
  76:Lib/mymath/mymath.h **** #define SIN61 0.874619707139396
  77:Lib/mymath/mymath.h **** #define SIN62 0.882947592858927
  78:Lib/mymath/mymath.h **** #define SIN63 0.891006524188368
  79:Lib/mymath/mymath.h **** #define SIN64 0.898794046299167
  80:Lib/mymath/mymath.h **** #define SIN65 0.90630778703665
  81:Lib/mymath/mymath.h **** #define SIN66 0.913545457642601
  82:Lib/mymath/mymath.h **** #define SIN67 0.92050485345244
  83:Lib/mymath/mymath.h **** #define SIN68 0.927183854566787
  84:Lib/mymath/mymath.h **** #define SIN69 0.933580426497202
  85:Lib/mymath/mymath.h **** #define SIN70 0.939692620785908
  86:Lib/mymath/mymath.h **** #define SIN71 0.945518575599317
ARM GAS  /var/folders/5c/srt4fy4j1pd641bjfx75k5000000gn/T//ccbEqwAF.s 			page 3


  87:Lib/mymath/mymath.h **** #define SIN72 0.951056516295154
  88:Lib/mymath/mymath.h **** #define SIN73 0.956304755963035
  89:Lib/mymath/mymath.h **** #define SIN74 0.961261695938319
  90:Lib/mymath/mymath.h **** #define SIN75 0.965925826289068
  91:Lib/mymath/mymath.h **** #define SIN76 0.970295726275996
  92:Lib/mymath/mymath.h **** #define SIN77 0.974370064785235
  93:Lib/mymath/mymath.h **** #define SIN78 0.978147600733806
  94:Lib/mymath/mymath.h **** #define SIN79 0.981627183447664
  95:Lib/mymath/mymath.h **** #define SIN80 0.984807753012208
  96:Lib/mymath/mymath.h **** #define SIN81 0.987688340595138
  97:Lib/mymath/mymath.h **** #define SIN82 0.99026806874157
  98:Lib/mymath/mymath.h **** #define SIN83 0.992546151641322
  99:Lib/mymath/mymath.h **** #define SIN84 0.994521895368273
 100:Lib/mymath/mymath.h **** #define SIN85 0.996194698091746
 101:Lib/mymath/mymath.h **** #define SIN86 0.997564050259824
 102:Lib/mymath/mymath.h **** #define SIN87 0.998629534754574
 103:Lib/mymath/mymath.h **** #define SIN88 0.999390827019096
 104:Lib/mymath/mymath.h **** #define SIN89 0.999847695156391
 105:Lib/mymath/mymath.h **** #define SIN90 1
 106:Lib/mymath/mymath.h **** 
 107:Lib/mymath/mymath.h **** static const float sin_table[91] = {
 108:Lib/mymath/mymath.h ****     SIN0,
 109:Lib/mymath/mymath.h ****     SIN1,
 110:Lib/mymath/mymath.h ****     SIN2,
 111:Lib/mymath/mymath.h ****     SIN3,
 112:Lib/mymath/mymath.h ****     SIN4,
 113:Lib/mymath/mymath.h ****     SIN5,
 114:Lib/mymath/mymath.h ****     SIN6,
 115:Lib/mymath/mymath.h ****     SIN7,
 116:Lib/mymath/mymath.h ****     SIN8,
 117:Lib/mymath/mymath.h ****     SIN9,
 118:Lib/mymath/mymath.h ****     SIN10,
 119:Lib/mymath/mymath.h ****     SIN11,
 120:Lib/mymath/mymath.h ****     SIN12,
 121:Lib/mymath/mymath.h ****     SIN13,
 122:Lib/mymath/mymath.h ****     SIN14,
 123:Lib/mymath/mymath.h ****     SIN15,
 124:Lib/mymath/mymath.h ****     SIN16,
 125:Lib/mymath/mymath.h ****     SIN17,
 126:Lib/mymath/mymath.h ****     SIN18,
 127:Lib/mymath/mymath.h ****     SIN19,
 128:Lib/mymath/mymath.h ****     SIN20,
 129:Lib/mymath/mymath.h ****     SIN21,
 130:Lib/mymath/mymath.h ****     SIN22,
 131:Lib/mymath/mymath.h ****     SIN23,
 132:Lib/mymath/mymath.h ****     SIN24,
 133:Lib/mymath/mymath.h ****     SIN25,
 134:Lib/mymath/mymath.h ****     SIN26,
 135:Lib/mymath/mymath.h ****     SIN27,
 136:Lib/mymath/mymath.h ****     SIN28,
 137:Lib/mymath/mymath.h ****     SIN29,
 138:Lib/mymath/mymath.h ****     SIN30,
 139:Lib/mymath/mymath.h ****     SIN31,
 140:Lib/mymath/mymath.h ****     SIN32,
 141:Lib/mymath/mymath.h ****     SIN33,
 142:Lib/mymath/mymath.h ****     SIN34,
 143:Lib/mymath/mymath.h ****     SIN35,
ARM GAS  /var/folders/5c/srt4fy4j1pd641bjfx75k5000000gn/T//ccbEqwAF.s 			page 4


 144:Lib/mymath/mymath.h ****     SIN36,
 145:Lib/mymath/mymath.h ****     SIN37,
 146:Lib/mymath/mymath.h ****     SIN38,
 147:Lib/mymath/mymath.h ****     SIN39,
 148:Lib/mymath/mymath.h ****     SIN40,
 149:Lib/mymath/mymath.h ****     SIN41,
 150:Lib/mymath/mymath.h ****     SIN42,
 151:Lib/mymath/mymath.h ****     SIN43,
 152:Lib/mymath/mymath.h ****     SIN44,
 153:Lib/mymath/mymath.h ****     SIN45,
 154:Lib/mymath/mymath.h ****     SIN46,
 155:Lib/mymath/mymath.h ****     SIN47,
 156:Lib/mymath/mymath.h ****     SIN48,
 157:Lib/mymath/mymath.h ****     SIN49,
 158:Lib/mymath/mymath.h ****     SIN50,
 159:Lib/mymath/mymath.h ****     SIN51,
 160:Lib/mymath/mymath.h ****     SIN52,
 161:Lib/mymath/mymath.h ****     SIN53,
 162:Lib/mymath/mymath.h ****     SIN54,
 163:Lib/mymath/mymath.h ****     SIN55,
 164:Lib/mymath/mymath.h ****     SIN56,
 165:Lib/mymath/mymath.h ****     SIN57,
 166:Lib/mymath/mymath.h ****     SIN58,
 167:Lib/mymath/mymath.h ****     SIN59,
 168:Lib/mymath/mymath.h ****     SIN60,
 169:Lib/mymath/mymath.h ****     SIN61,
 170:Lib/mymath/mymath.h ****     SIN62,
 171:Lib/mymath/mymath.h ****     SIN63,
 172:Lib/mymath/mymath.h ****     SIN64,
 173:Lib/mymath/mymath.h ****     SIN65,
 174:Lib/mymath/mymath.h ****     SIN66,
 175:Lib/mymath/mymath.h ****     SIN67,
 176:Lib/mymath/mymath.h ****     SIN68,
 177:Lib/mymath/mymath.h ****     SIN69,
 178:Lib/mymath/mymath.h ****     SIN70,
 179:Lib/mymath/mymath.h ****     SIN71,
 180:Lib/mymath/mymath.h ****     SIN72,
 181:Lib/mymath/mymath.h ****     SIN73,
 182:Lib/mymath/mymath.h ****     SIN74,
 183:Lib/mymath/mymath.h ****     SIN75,
 184:Lib/mymath/mymath.h ****     SIN76,
 185:Lib/mymath/mymath.h ****     SIN77,
 186:Lib/mymath/mymath.h ****     SIN78,
 187:Lib/mymath/mymath.h ****     SIN79,
 188:Lib/mymath/mymath.h ****     SIN80,
 189:Lib/mymath/mymath.h ****     SIN81,
 190:Lib/mymath/mymath.h ****     SIN82,
 191:Lib/mymath/mymath.h ****     SIN83,
 192:Lib/mymath/mymath.h ****     SIN84,
 193:Lib/mymath/mymath.h ****     SIN85,
 194:Lib/mymath/mymath.h ****     SIN86,
 195:Lib/mymath/mymath.h ****     SIN87,
 196:Lib/mymath/mymath.h ****     SIN88,
 197:Lib/mymath/mymath.h ****     SIN89,
 198:Lib/mymath/mymath.h ****     SIN90};
 199:Lib/mymath/mymath.h **** 
 200:Lib/mymath/mymath.h **** static inline int NormalizeDegrees(int deg) {
ARM GAS  /var/folders/5c/srt4fy4j1pd641bjfx75k5000000gn/T//ccbEqwAF.s 			page 5


 201:Lib/mymath/mymath.h ****       while (deg < 0) deg += 360;
 202:Lib/mymath/mymath.h ****       while (deg >= 360) deg -= 360;
 203:Lib/mymath/mymath.h ****       return deg;
 204:Lib/mymath/mymath.h **** }
 205:Lib/mymath/mymath.h **** 
 206:Lib/mymath/mymath.h **** static inline float SinDeg(int deg) {
  30              		.loc 2 206 37 view -0
  31              		.cfi_startproc
  32              		@ args = 0, pretend = 0, frame = 0
  33              		@ frame_needed = 0, uses_anonymous_args = 0
  34              		@ link register save eliminated.
 207:Lib/mymath/mymath.h ****       deg = NormalizeDegrees(deg);
  35              		.loc 2 207 7 view .LVU1
  36              	.LBB12:
  37              	.LBI12:
 200:Lib/mymath/mymath.h ****       while (deg < 0) deg += 360;
  38              		.loc 2 200 19 view .LVU2
  39              	.LBB13:
 201:Lib/mymath/mymath.h ****       while (deg >= 360) deg -= 360;
  40              		.loc 2 201 7 view .LVU3
 201:Lib/mymath/mymath.h ****       while (deg >= 360) deg -= 360;
  41              		.loc 2 201 13 is_stmt 0 view .LVU4
  42 0000 01E0     		b	.L2
  43              	.LVL1:
  44              	.L3:
 201:Lib/mymath/mymath.h ****       while (deg >= 360) deg -= 360;
  45              		.loc 2 201 23 is_stmt 1 view .LVU5
 201:Lib/mymath/mymath.h ****       while (deg >= 360) deg -= 360;
  46              		.loc 2 201 27 is_stmt 0 view .LVU6
  47 0002 00F5B470 		add	r0, r0, #360
  48              	.LVL2:
  49              	.L2:
 201:Lib/mymath/mymath.h ****       while (deg >= 360) deg -= 360;
  50              		.loc 2 201 18 is_stmt 1 view .LVU7
  51 0006 0028     		cmp	r0, #0
  52 0008 FBDB     		blt	.L3
 201:Lib/mymath/mymath.h ****       while (deg >= 360) deg -= 360;
  53              		.loc 2 201 18 is_stmt 0 view .LVU8
  54 000a 01E0     		b	.L4
  55              	.L5:
 202:Lib/mymath/mymath.h ****       return deg;
  56              		.loc 2 202 26 is_stmt 1 view .LVU9
 202:Lib/mymath/mymath.h ****       return deg;
  57              		.loc 2 202 30 is_stmt 0 view .LVU10
  58 000c A0F5B470 		sub	r0, r0, #360
  59              	.LVL3:
  60              	.L4:
 202:Lib/mymath/mymath.h ****       return deg;
  61              		.loc 2 202 18 is_stmt 1 view .LVU11
  62 0010 B0F5B47F 		cmp	r0, #360
  63 0014 FADA     		bge	.L5
 203:Lib/mymath/mymath.h **** }
  64              		.loc 2 203 7 view .LVU12
  65              	.LVL4:
 203:Lib/mymath/mymath.h **** }
  66              		.loc 2 203 7 is_stmt 0 view .LVU13
  67              	.LBE13:
ARM GAS  /var/folders/5c/srt4fy4j1pd641bjfx75k5000000gn/T//ccbEqwAF.s 			page 6


  68              	.LBE12:
 208:Lib/mymath/mymath.h ****       int theta_cal = deg % 90;
  69              		.loc 2 208 7 is_stmt 1 view .LVU14
  70              		.loc 2 208 11 is_stmt 0 view .LVU15
  71 0016 214A     		ldr	r2, .L16
  72 0018 82FB0032 		smull	r3, r2, r2, r0
  73 001c 0244     		add	r2, r2, r0
  74 001e C317     		asrs	r3, r0, #31
  75 0020 C3EBA213 		rsb	r3, r3, r2, asr #6
  76 0024 5A22     		movs	r2, #90
  77 0026 02FB1303 		mls	r3, r2, r3, r0
  78              	.LVL5:
 209:Lib/mymath/mymath.h ****       if (deg >= 90 && deg < 180) {
  79              		.loc 2 209 7 is_stmt 1 view .LVU16
  80              		.loc 2 209 21 is_stmt 0 view .LVU17
  81 002a 0246     		mov	r2, r0
  82 002c 5A38     		subs	r0, r0, #90
  83              	.LVL6:
  84              		.loc 2 209 10 view .LVU18
  85 002e 5928     		cmp	r0, #89
  86 0030 01D8     		bhi	.L6
 210:Lib/mymath/mymath.h ****             theta_cal = 90 - theta_cal;
  87              		.loc 2 210 13 is_stmt 1 view .LVU19
  88              		.loc 2 210 23 is_stmt 0 view .LVU20
  89 0032 C3F15A03 		rsb	r3, r3, #90
  90              	.LVL7:
  91              	.L6:
 211:Lib/mymath/mymath.h ****       }
 212:Lib/mymath/mymath.h ****       if (deg >= 270 && deg < 360) {
  92              		.loc 2 212 7 is_stmt 1 view .LVU21
  93              		.loc 2 212 22 is_stmt 0 view .LVU22
  94 0036 A2F58771 		sub	r1, r2, #270
  95              		.loc 2 212 10 view .LVU23
  96 003a 5929     		cmp	r1, #89
  97 003c 01D8     		bhi	.L7
 213:Lib/mymath/mymath.h ****             theta_cal = 90 - theta_cal;
  98              		.loc 2 213 13 is_stmt 1 view .LVU24
  99              		.loc 2 213 23 is_stmt 0 view .LVU25
 100 003e C3F15A03 		rsb	r3, r3, #90
 101              	.LVL8:
 102              	.L7:
 214:Lib/mymath/mymath.h ****       }
 215:Lib/mymath/mymath.h **** 
 216:Lib/mymath/mymath.h ****       if (deg >= 0 && deg <= 90) {  // 0~90 第一象限
 103              		.loc 2 216 7 is_stmt 1 view .LVU26
 104              		.loc 2 216 10 is_stmt 0 view .LVU27
 105 0042 5A2A     		cmp	r2, #90
 106 0044 13D9     		bls	.L13
 217:Lib/mymath/mymath.h ****             return sin_table[theta_cal];
 218:Lib/mymath/mymath.h ****       } else if (deg > 90 && deg <= 180) {  // 91~180 第二象限
 107              		.loc 2 218 14 is_stmt 1 view .LVU28
 108              		.loc 2 218 27 is_stmt 0 view .LVU29
 109 0046 A2F15B01 		sub	r1, r2, #91
 110              		.loc 2 218 17 view .LVU30
 111 004a 5929     		cmp	r1, #89
 112 004c 15D9     		bls	.L14
 219:Lib/mymath/mymath.h ****             return sin_table[theta_cal];
ARM GAS  /var/folders/5c/srt4fy4j1pd641bjfx75k5000000gn/T//ccbEqwAF.s 			page 7


 220:Lib/mymath/mymath.h ****       } else if (deg > 180 && deg <= 270) {  // 181 ~270 第三象限
 113              		.loc 2 220 14 is_stmt 1 view .LVU31
 114              		.loc 2 220 28 is_stmt 0 view .LVU32
 115 004e A2F1B501 		sub	r1, r2, #181
 116              		.loc 2 220 17 view .LVU33
 117 0052 5929     		cmp	r1, #89
 118 0054 17D9     		bls	.L15
 221:Lib/mymath/mymath.h ****             return -sin_table[theta_cal];
 222:Lib/mymath/mymath.h ****       } else if (deg > 270 && deg < 360) {  // 271~360 第四象限
 119              		.loc 2 222 14 is_stmt 1 view .LVU34
 120              		.loc 2 222 28 is_stmt 0 view .LVU35
 121 0056 A2F20F12 		subw	r2, r2, #271
 122              	.LVL9:
 123              		.loc 2 222 17 view .LVU36
 124 005a 582A     		cmp	r2, #88
 125 005c 1BD8     		bhi	.L12
 223:Lib/mymath/mymath.h ****             return -sin_table[theta_cal];
 126              		.loc 2 223 13 is_stmt 1 view .LVU37
 127              		.loc 2 223 30 is_stmt 0 view .LVU38
 128 005e 104A     		ldr	r2, .L16+4
 129              	.LVL10:
 130              		.loc 2 223 30 view .LVU39
 131 0060 02EB8303 		add	r3, r2, r3, lsl #2
 132              	.LVL11:
 133              		.loc 2 223 30 view .LVU40
 134 0064 93ED000A 		vldr.32	s0, [r3]
 135              		.loc 2 223 20 view .LVU41
 136 0068 B1EE400A 		vneg.f32	s0, s0
 137 006c 7047     		bx	lr
 138              	.LVL12:
 139              	.L13:
 217:Lib/mymath/mymath.h ****       } else if (deg > 90 && deg <= 180) {  // 91~180 第二象限
 140              		.loc 2 217 13 is_stmt 1 view .LVU42
 217:Lib/mymath/mymath.h ****       } else if (deg > 90 && deg <= 180) {  // 91~180 第二象限
 141              		.loc 2 217 29 is_stmt 0 view .LVU43
 142 006e 0C4A     		ldr	r2, .L16+4
 143              	.LVL13:
 217:Lib/mymath/mymath.h ****       } else if (deg > 90 && deg <= 180) {  // 91~180 第二象限
 144              		.loc 2 217 29 view .LVU44
 145 0070 02EB8303 		add	r3, r2, r3, lsl #2
 146              	.LVL14:
 217:Lib/mymath/mymath.h ****       } else if (deg > 90 && deg <= 180) {  // 91~180 第二象限
 147              		.loc 2 217 29 view .LVU45
 148 0074 93ED000A 		vldr.32	s0, [r3]
 149 0078 7047     		bx	lr
 150              	.LVL15:
 151              	.L14:
 219:Lib/mymath/mymath.h ****       } else if (deg > 180 && deg <= 270) {  // 181 ~270 第三象限
 152              		.loc 2 219 13 is_stmt 1 view .LVU46
 219:Lib/mymath/mymath.h ****       } else if (deg > 180 && deg <= 270) {  // 181 ~270 第三象限
 153              		.loc 2 219 29 is_stmt 0 view .LVU47
 154 007a 094A     		ldr	r2, .L16+4
 155              	.LVL16:
 219:Lib/mymath/mymath.h ****       } else if (deg > 180 && deg <= 270) {  // 181 ~270 第三象限
 156              		.loc 2 219 29 view .LVU48
 157 007c 02EB8303 		add	r3, r2, r3, lsl #2
 158              	.LVL17:
ARM GAS  /var/folders/5c/srt4fy4j1pd641bjfx75k5000000gn/T//ccbEqwAF.s 			page 8


 219:Lib/mymath/mymath.h ****       } else if (deg > 180 && deg <= 270) {  // 181 ~270 第三象限
 159              		.loc 2 219 29 view .LVU49
 160 0080 93ED000A 		vldr.32	s0, [r3]
 161 0084 7047     		bx	lr
 162              	.LVL18:
 163              	.L15:
 221:Lib/mymath/mymath.h ****       } else if (deg > 270 && deg < 360) {  // 271~360 第四象限
 164              		.loc 2 221 13 is_stmt 1 view .LVU50
 221:Lib/mymath/mymath.h ****       } else if (deg > 270 && deg < 360) {  // 271~360 第四象限
 165              		.loc 2 221 30 is_stmt 0 view .LVU51
 166 0086 064A     		ldr	r2, .L16+4
 167              	.LVL19:
 221:Lib/mymath/mymath.h ****       } else if (deg > 270 && deg < 360) {  // 271~360 第四象限
 168              		.loc 2 221 30 view .LVU52
 169 0088 02EB8303 		add	r3, r2, r3, lsl #2
 170              	.LVL20:
 221:Lib/mymath/mymath.h ****       } else if (deg > 270 && deg < 360) {  // 271~360 第四象限
 171              		.loc 2 221 30 view .LVU53
 172 008c 93ED000A 		vldr.32	s0, [r3]
 221:Lib/mymath/mymath.h ****       } else if (deg > 270 && deg < 360) {  // 271~360 第四象限
 173              		.loc 2 221 20 view .LVU54
 174 0090 B1EE400A 		vneg.f32	s0, s0
 175 0094 7047     		bx	lr
 176              	.LVL21:
 177              	.L12:
 224:Lib/mymath/mymath.h ****       } else {
 225:Lib/mymath/mymath.h ****             return 0;
 178              		.loc 2 225 20 view .LVU55
 179 0096 9FED030A 		vldr.32	s0, .L16+8
 226:Lib/mymath/mymath.h ****       }
 227:Lib/mymath/mymath.h **** }
 180              		.loc 2 227 1 view .LVU56
 181 009a 7047     		bx	lr
 182              	.L17:
 183              		.align	2
 184              	.L16:
 185 009c B7600BB6 		.word	-1240768329
 186 00a0 00000000 		.word	sin_table
 187 00a4 00000000 		.word	0
 188              		.cfi_endproc
 189              	.LFE124:
 191              		.section	.text.PwmOut_Write,"ax",%progbits
 192              		.align	1
 193              		.syntax unified
 194              		.thumb
 195              		.thumb_func
 197              	PwmOut_Write:
 198              	.LVL22:
 199              	.LFB129:
 200              		.file 3 "Lib/pwm_out/pwm_out.h"
   1:Lib/pwm_out/pwm_out.h **** #ifndef PWM_H_
   2:Lib/pwm_out/pwm_out.h **** #define PWM_H_
   3:Lib/pwm_out/pwm_out.h **** 
   4:Lib/pwm_out/pwm_out.h **** #include "mymath.h"
   5:Lib/pwm_out/pwm_out.h **** #include "tim.h"
   6:Lib/pwm_out/pwm_out.h **** 
   7:Lib/pwm_out/pwm_out.h **** typedef struct {
ARM GAS  /var/folders/5c/srt4fy4j1pd641bjfx75k5000000gn/T//ccbEqwAF.s 			page 9


   8:Lib/pwm_out/pwm_out.h ****       TIM_HandleTypeDef *htim;
   9:Lib/pwm_out/pwm_out.h ****       uint32_t channel;
  10:Lib/pwm_out/pwm_out.h ****       uint32_t maxValue;
  11:Lib/pwm_out/pwm_out.h ****       int usePwmPin_t;
  12:Lib/pwm_out/pwm_out.h **** } PwmOut;
  13:Lib/pwm_out/pwm_out.h **** 
  14:Lib/pwm_out/pwm_out.h **** static inline void PwmOut_Init(PwmOut *obj, TIM_HandleTypeDef *htim, uint32_t channel) {
  15:Lib/pwm_out/pwm_out.h ****       obj->htim = htim;
  16:Lib/pwm_out/pwm_out.h ****       obj->channel = channel;
  17:Lib/pwm_out/pwm_out.h ****       obj->usePwmPin_t = 0;
  18:Lib/pwm_out/pwm_out.h **** 
  19:Lib/pwm_out/pwm_out.h ****       HAL_TIM_PWM_Start(obj->htim, obj->channel);
  20:Lib/pwm_out/pwm_out.h ****       HAL_TIMEx_PWMN_Start(obj->htim, obj->channel);
  21:Lib/pwm_out/pwm_out.h ****       obj->maxValue = obj->htim->Init.Period;
  22:Lib/pwm_out/pwm_out.h **** }
  23:Lib/pwm_out/pwm_out.h **** 
  24:Lib/pwm_out/pwm_out.h **** static inline void PwmOut_Write(PwmOut *obj, float duty) {
 201              		.loc 3 24 58 is_stmt 1 view -0
 202              		.cfi_startproc
 203              		@ args = 0, pretend = 0, frame = 0
 204              		@ frame_needed = 0, uses_anonymous_args = 0
 205              		@ link register save eliminated.
  25:Lib/pwm_out/pwm_out.h ****       int val = (int)(Constrain(duty, 0.0f, 1.0f) * obj->maxValue);
 206              		.loc 3 25 7 view .LVU58
 207              		.loc 3 25 23 is_stmt 0 view .LVU59
 208 0000 B5EEC00A 		vcmpe.f32	s0, #0
 209 0004 F1EE10FA 		vmrs	APSR_nzcv, FPSCR
 210 0008 09D4     		bmi	.L29
 211              		.loc 3 25 23 discriminator 2 view .LVU60
 212 000a F7EE007A 		vmov.f32	s15, #1.0e+0
 213 000e B4EEE70A 		vcmpe.f32	s0, s15
 214 0012 F1EE10FA 		vmrs	APSR_nzcv, FPSCR
 215 0016 04DD     		ble	.L19
 216              		.loc 3 25 23 view .LVU61
 217 0018 B0EE670A 		vmov.f32	s0, s15
 218              	.LVL23:
 219              		.loc 3 25 23 view .LVU62
 220 001c 01E0     		b	.L19
 221              	.LVL24:
 222              	.L29:
 223              		.loc 3 25 23 view .LVU63
 224 001e 9FED1B0A 		vldr.32	s0, .L31
 225              	.LVL25:
 226              	.L19:
 227              		.loc 3 25 51 discriminator 8 view .LVU64
 228 0022 D0ED027A 		vldr.32	s15, [r0, #8]	@ int
 229 0026 F8EE677A 		vcvt.f32.u32	s15, s15
 230 002a 27EE800A 		vmul.f32	s0, s15, s0
 231              		.loc 3 25 11 discriminator 8 view .LVU65
 232 002e BDEEC00A 		vcvt.s32.f32	s0, s0
 233              	.LVL26:
  26:Lib/pwm_out/pwm_out.h ****       __HAL_TIM_SET_COMPARE(obj->htim, obj->channel, val);
 234              		.loc 3 26 7 is_stmt 1 discriminator 8 view .LVU66
 235 0032 4368     		ldr	r3, [r0, #4]
 236 0034 23B9     		cbnz	r3, .L21
 237              		.loc 3 26 7 is_stmt 0 discriminator 1 view .LVU67
 238 0036 0368     		ldr	r3, [r0]
ARM GAS  /var/folders/5c/srt4fy4j1pd641bjfx75k5000000gn/T//ccbEqwAF.s 			page 10


 239 0038 1B68     		ldr	r3, [r3]
 240 003a 83ED0D0A 		vstr.32	s0, [r3, #52]	@ int
 241 003e 7047     		bx	lr
 242              	.L21:
 243              		.loc 3 26 7 discriminator 1 view .LVU68
 244 0040 043B     		subs	r3, r3, #4
 245 0042 0C2B     		cmp	r3, #12
 246 0044 1CD8     		bhi	.L23
 247 0046 DFE803F0 		tbb	[pc, r3]
 248              	.L25:
 249 004a 07       		.byte	(.L28-.L25)/2
 250 004b 1B       		.byte	(.L23-.L25)/2
 251 004c 1B       		.byte	(.L23-.L25)/2
 252 004d 1B       		.byte	(.L23-.L25)/2
 253 004e 0C       		.byte	(.L27-.L25)/2
 254 004f 1B       		.byte	(.L23-.L25)/2
 255 0050 1B       		.byte	(.L23-.L25)/2
 256 0051 1B       		.byte	(.L23-.L25)/2
 257 0052 11       		.byte	(.L26-.L25)/2
 258 0053 1B       		.byte	(.L23-.L25)/2
 259 0054 1B       		.byte	(.L23-.L25)/2
 260 0055 1B       		.byte	(.L23-.L25)/2
 261 0056 16       		.byte	(.L24-.L25)/2
 262 0057 00       		.p2align 1
 263              	.L28:
 264              		.loc 3 26 7 discriminator 3 view .LVU69
 265 0058 0368     		ldr	r3, [r0]
 266 005a 1B68     		ldr	r3, [r3]
 267 005c 83ED0E0A 		vstr.32	s0, [r3, #56]	@ int
 268 0060 7047     		bx	lr
 269              	.L27:
 270              		.loc 3 26 7 discriminator 6 view .LVU70
 271 0062 0368     		ldr	r3, [r0]
 272 0064 1B68     		ldr	r3, [r3]
 273 0066 83ED0F0A 		vstr.32	s0, [r3, #60]	@ int
 274 006a 7047     		bx	lr
 275              	.L26:
 276              		.loc 3 26 7 discriminator 9 view .LVU71
 277 006c 0368     		ldr	r3, [r0]
 278 006e 1B68     		ldr	r3, [r3]
 279 0070 83ED100A 		vstr.32	s0, [r3, #64]	@ int
 280 0074 7047     		bx	lr
 281              	.L24:
 282              		.loc 3 26 7 discriminator 12 view .LVU72
 283 0076 0368     		ldr	r3, [r0]
 284 0078 1B68     		ldr	r3, [r3]
 285 007a 83ED160A 		vstr.32	s0, [r3, #88]	@ int
 286 007e 7047     		bx	lr
 287              	.L23:
 288              		.loc 3 26 7 discriminator 13 view .LVU73
 289 0080 0368     		ldr	r3, [r0]
 290 0082 1B68     		ldr	r3, [r3]
 291 0084 83ED170A 		vstr.32	s0, [r3, #92]	@ int
  27:Lib/pwm_out/pwm_out.h **** }
 292              		.loc 3 27 1 discriminator 13 view .LVU74
 293 0088 7047     		bx	lr
 294              	.L32:
ARM GAS  /var/folders/5c/srt4fy4j1pd641bjfx75k5000000gn/T//ccbEqwAF.s 			page 11


 295 008a 00BF     		.align	2
 296              	.L31:
 297 008c 00000000 		.word	0
 298              		.cfi_endproc
 299              	.LFE129:
 301              		.section	.text.BLDC_WritePwm,"ax",%progbits
 302              		.align	1
 303              		.syntax unified
 304              		.thumb
 305              		.thumb_func
 307              	BLDC_WritePwm:
 308              	.LVL27:
 309              	.LFB139:
   1:src/bldc/bldc.c **** #include "bldc.h"
   2:src/bldc/bldc.c **** 
   3:src/bldc/bldc.c **** PwmOut u_pwm;
   4:src/bldc/bldc.c **** PwmOut v_pwm;
   5:src/bldc/bldc.c **** PwmOut w_pwm;
   6:src/bldc/bldc.c **** 
   7:src/bldc/bldc.c **** Timer dt_timer;
   8:src/bldc/bldc.c **** 
   9:src/bldc/bldc.c **** void BLDC_Init() {
  10:src/bldc/bldc.c ****       PwmOut_Init(&u_pwm, &htim1, TIM_CHANNEL_1);
  11:src/bldc/bldc.c ****       PwmOut_Init(&v_pwm, &htim1, TIM_CHANNEL_2);
  12:src/bldc/bldc.c ****       PwmOut_Init(&w_pwm, &htim1, TIM_CHANNEL_3);
  13:src/bldc/bldc.c **** 
  14:src/bldc/bldc.c ****       Timer_Init(&dt_timer);
  15:src/bldc/bldc.c **** }
  16:src/bldc/bldc.c **** 
  17:src/bldc/bldc.c **** static inline void BLDC_WritePwm(float u, float v, float w) {
 310              		.loc 1 17 61 is_stmt 1 view -0
 311              		.cfi_startproc
 312              		@ args = 0, pretend = 0, frame = 0
 313              		@ frame_needed = 0, uses_anonymous_args = 0
 314              		.loc 1 17 61 is_stmt 0 view .LVU76
 315 0000 08B5     		push	{r3, lr}
 316              	.LCFI0:
 317              		.cfi_def_cfa_offset 8
 318              		.cfi_offset 3, -8
 319              		.cfi_offset 14, -4
 320 0002 2DED028B 		vpush.64	{d8}
 321              	.LCFI1:
 322              		.cfi_def_cfa_offset 16
 323              		.cfi_offset 80, -16
 324              		.cfi_offset 81, -12
 325 0006 F0EE608A 		vmov.f32	s17, s1
 326 000a B0EE418A 		vmov.f32	s16, s2
  18:src/bldc/bldc.c ****       // デューティ比の制限
  19:src/bldc/bldc.c ****       if (u > MAX_DUTY) u = MAX_DUTY;
 327              		.loc 1 19 7 is_stmt 1 view .LVU77
 328              		.loc 1 19 10 is_stmt 0 view .LVU78
 329 000e DFED157A 		vldr.32	s15, .L41
 330 0012 B4EEE70A 		vcmpe.f32	s0, s15
 331 0016 F1EE10FA 		vmrs	APSR_nzcv, FPSCR
 332 001a 01DD     		ble	.L34
 333              		.loc 1 19 27 view .LVU79
 334 001c B0EE670A 		vmov.f32	s0, s15
ARM GAS  /var/folders/5c/srt4fy4j1pd641bjfx75k5000000gn/T//ccbEqwAF.s 			page 12


 335              	.LVL28:
 336              	.L34:
  20:src/bldc/bldc.c ****       if (v > MAX_DUTY) v = MAX_DUTY;
 337              		.loc 1 20 7 is_stmt 1 view .LVU80
 338              		.loc 1 20 10 is_stmt 0 view .LVU81
 339 0020 DFED107A 		vldr.32	s15, .L41
 340 0024 F4EEE78A 		vcmpe.f32	s17, s15
 341 0028 F1EE10FA 		vmrs	APSR_nzcv, FPSCR
 342 002c 01DD     		ble	.L35
 343              		.loc 1 20 27 view .LVU82
 344 002e F0EE678A 		vmov.f32	s17, s15
 345              	.L35:
 346              	.LVL29:
  21:src/bldc/bldc.c ****       if (w > MAX_DUTY) w = MAX_DUTY;
 347              		.loc 1 21 7 is_stmt 1 view .LVU83
 348              		.loc 1 21 10 is_stmt 0 view .LVU84
 349 0032 DFED0C7A 		vldr.32	s15, .L41
 350 0036 B4EEE78A 		vcmpe.f32	s16, s15
 351 003a F1EE10FA 		vmrs	APSR_nzcv, FPSCR
 352 003e 01DD     		ble	.L36
 353              		.loc 1 21 27 view .LVU85
 354 0040 B0EE678A 		vmov.f32	s16, s15
 355              	.L36:
 356              	.LVL30:
  22:src/bldc/bldc.c **** 
  23:src/bldc/bldc.c ****       PwmOut_Write(&u_pwm, u);
 357              		.loc 1 23 7 is_stmt 1 view .LVU86
 358 0044 0848     		ldr	r0, .L41+4
 359 0046 FFF7FEFF 		bl	PwmOut_Write
 360              	.LVL31:
  24:src/bldc/bldc.c ****       PwmOut_Write(&v_pwm, v);
 361              		.loc 1 24 7 view .LVU87
 362 004a B0EE680A 		vmov.f32	s0, s17
 363 004e 0748     		ldr	r0, .L41+8
 364 0050 FFF7FEFF 		bl	PwmOut_Write
 365              	.LVL32:
  25:src/bldc/bldc.c ****       PwmOut_Write(&w_pwm, w);
 366              		.loc 1 25 7 view .LVU88
 367 0054 B0EE480A 		vmov.f32	s0, s16
 368 0058 0548     		ldr	r0, .L41+12
 369 005a FFF7FEFF 		bl	PwmOut_Write
 370              	.LVL33:
  26:src/bldc/bldc.c **** }
 371              		.loc 1 26 1 is_stmt 0 view .LVU89
 372 005e BDEC028B 		vldm	sp!, {d8}
 373              	.LCFI2:
 374              		.cfi_restore 80
 375              		.cfi_restore 81
 376              		.cfi_def_cfa_offset 8
 377              	.LVL34:
 378              		.loc 1 26 1 view .LVU90
 379 0062 08BD     		pop	{r3, pc}
 380              	.L42:
 381              		.align	2
 382              	.L41:
 383 0064 A4707D3F 		.word	1065185444
 384 0068 00000000 		.word	u_pwm
ARM GAS  /var/folders/5c/srt4fy4j1pd641bjfx75k5000000gn/T//ccbEqwAF.s 			page 13


 385 006c 00000000 		.word	v_pwm
 386 0070 00000000 		.word	w_pwm
 387              		.cfi_endproc
 388              	.LFE139:
 390              		.section	.text.BLDC_PIDInit,"ax",%progbits
 391              		.align	1
 392              		.syntax unified
 393              		.thumb
 394              		.thumb_func
 396              	BLDC_PIDInit:
 397              	.LVL35:
 398              	.LFB142:
  27:src/bldc/bldc.c **** 
  28:src/bldc/bldc.c **** void BLDC_OpenLoopDrive(float amp, float freq) {
  29:src/bldc/bldc.c ****       static float phase = 0.0f;
  30:src/bldc/bldc.c ****       float dt = Timer_Read(&dt_timer);
  31:src/bldc/bldc.c ****       Timer_Reset(&dt_timer);
  32:src/bldc/bldc.c **** 
  33:src/bldc/bldc.c ****       float delta_phase = 360.0f * freq * dt;
  34:src/bldc/bldc.c ****       phase += delta_phase;
  35:src/bldc/bldc.c ****       if (phase >= 360.0f) phase -= 360.0f;
  36:src/bldc/bldc.c **** 
  37:src/bldc/bldc.c ****       float u = 0.5f + 0.5f * amp * SinDeg((int)phase);
  38:src/bldc/bldc.c ****       float v = 0.5f + 0.5f * amp * SinDeg((int)phase - 120);
  39:src/bldc/bldc.c ****       float w = 0.5f + 0.5f * amp * SinDeg((int)phase + 120);
  40:src/bldc/bldc.c **** 
  41:src/bldc/bldc.c ****       BLDC_WritePwm(u, v, w);
  42:src/bldc/bldc.c **** }
  43:src/bldc/bldc.c **** 
  44:src/bldc/bldc.c **** /*
  45:src/bldc/bldc.c **** ベクトル制御
  46:src/bldc/bldc.c **** */
  47:src/bldc/bldc.c **** 
  48:src/bldc/bldc.c **** static inline float BLDC_AdcToRadians(uint16_t adc_value) {
  49:src/bldc/bldc.c ****       // ADCの最大値4095を2πで割る
  50:src/bldc/bldc.c ****       const double conversion_factor = (2.0f * PI) / 4095.0f;
  51:src/bldc/bldc.c **** 
  52:src/bldc/bldc.c ****       // ADC値を制限
  53:src/bldc/bldc.c ****       if (adc_value > 4095) adc_value = 4095;
  54:src/bldc/bldc.c **** 
  55:src/bldc/bldc.c ****       return (float)adc_value * conversion_factor;
  56:src/bldc/bldc.c **** }
  57:src/bldc/bldc.c **** 
  58:src/bldc/bldc.c **** // PID制御器の初期化
  59:src/bldc/bldc.c **** static void BLDC_PIDInit(PIDController* pid, float kp, float ki, float kd, float output_limit) {
 399              		.loc 1 59 96 is_stmt 1 view -0
 400              		.cfi_startproc
 401              		@ args = 0, pretend = 0, frame = 0
 402              		@ frame_needed = 0, uses_anonymous_args = 0
 403              		@ link register save eliminated.
  60:src/bldc/bldc.c ****       pid->kp = kp;
 404              		.loc 1 60 7 view .LVU92
 405              		.loc 1 60 15 is_stmt 0 view .LVU93
 406 0000 80ED000A 		vstr.32	s0, [r0]
  61:src/bldc/bldc.c ****       pid->ki = ki;
 407              		.loc 1 61 7 is_stmt 1 view .LVU94
 408              		.loc 1 61 15 is_stmt 0 view .LVU95
ARM GAS  /var/folders/5c/srt4fy4j1pd641bjfx75k5000000gn/T//ccbEqwAF.s 			page 14


 409 0004 C0ED010A 		vstr.32	s1, [r0, #4]
  62:src/bldc/bldc.c ****       pid->kd = kd;
 410              		.loc 1 62 7 is_stmt 1 view .LVU96
 411              		.loc 1 62 15 is_stmt 0 view .LVU97
 412 0008 80ED021A 		vstr.32	s2, [r0, #8]
  63:src/bldc/bldc.c ****       pid->integral = 0.0f;
 413              		.loc 1 63 7 is_stmt 1 view .LVU98
 414              		.loc 1 63 21 is_stmt 0 view .LVU99
 415 000c 0023     		movs	r3, #0
 416 000e C360     		str	r3, [r0, #12]	@ float
  64:src/bldc/bldc.c ****       pid->prev_error = 0.0f;
 417              		.loc 1 64 7 is_stmt 1 view .LVU100
 418              		.loc 1 64 23 is_stmt 0 view .LVU101
 419 0010 0361     		str	r3, [r0, #16]	@ float
  65:src/bldc/bldc.c ****       pid->output_limit = output_limit;
 420              		.loc 1 65 7 is_stmt 1 view .LVU102
 421              		.loc 1 65 25 is_stmt 0 view .LVU103
 422 0012 C0ED051A 		vstr.32	s3, [r0, #20]
  66:src/bldc/bldc.c **** }
 423              		.loc 1 66 1 view .LVU104
 424 0016 7047     		bx	lr
 425              		.cfi_endproc
 426              	.LFE142:
 428              		.section	.text.PwmOut_Init,"ax",%progbits
 429              		.align	1
 430              		.syntax unified
 431              		.thumb
 432              		.thumb_func
 434              	PwmOut_Init:
 435              	.LVL36:
 436              	.LFB128:
  14:Lib/pwm_out/pwm_out.h ****       obj->htim = htim;
 437              		.loc 3 14 88 is_stmt 1 view -0
 438              		.cfi_startproc
 439              		@ args = 0, pretend = 0, frame = 0
 440              		@ frame_needed = 0, uses_anonymous_args = 0
  14:Lib/pwm_out/pwm_out.h ****       obj->htim = htim;
 441              		.loc 3 14 88 is_stmt 0 view .LVU106
 442 0000 10B5     		push	{r4, lr}
 443              	.LCFI3:
 444              		.cfi_def_cfa_offset 8
 445              		.cfi_offset 4, -8
 446              		.cfi_offset 14, -4
 447 0002 0446     		mov	r4, r0
 448 0004 0846     		mov	r0, r1
 449              	.LVL37:
  14:Lib/pwm_out/pwm_out.h ****       obj->htim = htim;
 450              		.loc 3 14 88 view .LVU107
 451 0006 1146     		mov	r1, r2
 452              	.LVL38:
  15:Lib/pwm_out/pwm_out.h ****       obj->channel = channel;
 453              		.loc 3 15 7 is_stmt 1 view .LVU108
  15:Lib/pwm_out/pwm_out.h ****       obj->channel = channel;
 454              		.loc 3 15 17 is_stmt 0 view .LVU109
 455 0008 2060     		str	r0, [r4]
  16:Lib/pwm_out/pwm_out.h ****       obj->usePwmPin_t = 0;
 456              		.loc 3 16 7 is_stmt 1 view .LVU110
ARM GAS  /var/folders/5c/srt4fy4j1pd641bjfx75k5000000gn/T//ccbEqwAF.s 			page 15


  16:Lib/pwm_out/pwm_out.h ****       obj->usePwmPin_t = 0;
 457              		.loc 3 16 20 is_stmt 0 view .LVU111
 458 000a 6260     		str	r2, [r4, #4]
  17:Lib/pwm_out/pwm_out.h **** 
 459              		.loc 3 17 7 is_stmt 1 view .LVU112
  17:Lib/pwm_out/pwm_out.h **** 
 460              		.loc 3 17 24 is_stmt 0 view .LVU113
 461 000c 0023     		movs	r3, #0
 462 000e E360     		str	r3, [r4, #12]
  19:Lib/pwm_out/pwm_out.h ****       HAL_TIMEx_PWMN_Start(obj->htim, obj->channel);
 463              		.loc 3 19 7 is_stmt 1 view .LVU114
 464 0010 FFF7FEFF 		bl	HAL_TIM_PWM_Start
 465              	.LVL39:
  20:Lib/pwm_out/pwm_out.h ****       obj->maxValue = obj->htim->Init.Period;
 466              		.loc 3 20 7 view .LVU115
 467 0014 6168     		ldr	r1, [r4, #4]
 468 0016 2068     		ldr	r0, [r4]
 469 0018 FFF7FEFF 		bl	HAL_TIMEx_PWMN_Start
 470              	.LVL40:
  21:Lib/pwm_out/pwm_out.h **** }
 471              		.loc 3 21 7 view .LVU116
  21:Lib/pwm_out/pwm_out.h **** }
 472              		.loc 3 21 26 is_stmt 0 view .LVU117
 473 001c 2368     		ldr	r3, [r4]
  21:Lib/pwm_out/pwm_out.h **** }
 474              		.loc 3 21 38 view .LVU118
 475 001e DB68     		ldr	r3, [r3, #12]
  21:Lib/pwm_out/pwm_out.h **** }
 476              		.loc 3 21 21 view .LVU119
 477 0020 A360     		str	r3, [r4, #8]
  22:Lib/pwm_out/pwm_out.h **** 
 478              		.loc 3 22 1 view .LVU120
 479 0022 10BD     		pop	{r4, pc}
  22:Lib/pwm_out/pwm_out.h **** 
 480              		.loc 3 22 1 view .LVU121
 481              		.cfi_endproc
 482              	.LFE128:
 484              		.section	.text.Timer_Read,"ax",%progbits
 485              		.align	1
 486              		.syntax unified
 487              		.thumb
 488              		.thumb_func
 490              	Timer_Read:
 491              	.LVL41:
 492              	.LFB132:
 493              		.file 4 "Lib/timer/timer.h"
   1:Lib/timer/timer.h **** #ifndef TIMER_H_
   2:Lib/timer/timer.h **** #define TIMER_H_
   3:Lib/timer/timer.h **** 
   4:Lib/timer/timer.h **** #include "main.h"
   5:Lib/timer/timer.h **** 
   6:Lib/timer/timer.h **** typedef struct {
   7:Lib/timer/timer.h ****       uint32_t start_time;
   8:Lib/timer/timer.h **** } Timer;
   9:Lib/timer/timer.h **** 
  10:Lib/timer/timer.h **** static inline void Timer_Init(Timer *timer) {
  11:Lib/timer/timer.h ****       CoreDebug->DEMCR |= CoreDebug_DEMCR_TRCENA_Msk;
ARM GAS  /var/folders/5c/srt4fy4j1pd641bjfx75k5000000gn/T//ccbEqwAF.s 			page 16


  12:Lib/timer/timer.h ****       DWT->CTRL |= DWT_CTRL_CYCCNTENA_Msk;
  13:Lib/timer/timer.h **** }
  14:Lib/timer/timer.h **** 
  15:Lib/timer/timer.h **** static inline void Timer_Reset(Timer *timer) {
  16:Lib/timer/timer.h ****       timer->start_time = DWT->CYCCNT;
  17:Lib/timer/timer.h **** }
  18:Lib/timer/timer.h **** 
  19:Lib/timer/timer.h **** static inline float Timer_Read(Timer *timer) {
 494              		.loc 4 19 46 is_stmt 1 view -0
 495              		.cfi_startproc
 496              		@ args = 0, pretend = 0, frame = 0
 497              		@ frame_needed = 0, uses_anonymous_args = 0
 498              		.loc 4 19 46 is_stmt 0 view .LVU123
 499 0000 08B5     		push	{r3, lr}
 500              	.LCFI4:
 501              		.cfi_def_cfa_offset 8
 502              		.cfi_offset 3, -8
 503              		.cfi_offset 14, -4
 504 0002 2DED028B 		vpush.64	{d8}
 505              	.LCFI5:
 506              		.cfi_def_cfa_offset 16
 507              		.cfi_offset 80, -16
 508              		.cfi_offset 81, -12
  20:Lib/timer/timer.h ****       return (float)(DWT->CYCCNT - timer->start_time) / HAL_RCC_GetSysClockFreq();
 509              		.loc 4 20 7 is_stmt 1 view .LVU124
 510              		.loc 4 20 25 is_stmt 0 view .LVU125
 511 0006 094B     		ldr	r3, .L48
 512 0008 5B68     		ldr	r3, [r3, #4]
 513              		.loc 4 20 41 view .LVU126
 514 000a 0268     		ldr	r2, [r0]
 515              		.loc 4 20 34 view .LVU127
 516 000c 9B1A     		subs	r3, r3, r2
 517              		.loc 4 20 14 view .LVU128
 518 000e 07EE903A 		vmov	s15, r3	@ int
 519 0012 B8EE678A 		vcvt.f32.u32	s16, s15
 520              		.loc 4 20 57 view .LVU129
 521 0016 FFF7FEFF 		bl	HAL_RCC_GetSysClockFreq
 522              	.LVL42:
 523              		.loc 4 20 57 view .LVU130
 524 001a 00EE100A 		vmov	s0, r0	@ int
 525              		.loc 4 20 55 view .LVU131
 526 001e B8EE400A 		vcvt.f32.u32	s0, s0
  21:Lib/timer/timer.h **** }
 527              		.loc 4 21 1 view .LVU132
 528 0022 88EE000A 		vdiv.f32	s0, s16, s0
 529 0026 BDEC028B 		vldm	sp!, {d8}
 530              	.LCFI6:
 531              		.cfi_restore 80
 532              		.cfi_restore 81
 533              		.cfi_def_cfa_offset 8
 534 002a 08BD     		pop	{r3, pc}
 535              	.L49:
 536              		.align	2
 537              	.L48:
 538 002c 001000E0 		.word	-536866816
 539              		.cfi_endproc
 540              	.LFE132:
ARM GAS  /var/folders/5c/srt4fy4j1pd641bjfx75k5000000gn/T//ccbEqwAF.s 			page 17


 542              		.section	.text.BLDC_Init,"ax",%progbits
 543              		.align	1
 544              		.global	BLDC_Init
 545              		.syntax unified
 546              		.thumb
 547              		.thumb_func
 549              	BLDC_Init:
 550              	.LFB138:
   9:src/bldc/bldc.c ****       PwmOut_Init(&u_pwm, &htim1, TIM_CHANNEL_1);
 551              		.loc 1 9 18 is_stmt 1 view -0
 552              		.cfi_startproc
 553              		@ args = 0, pretend = 0, frame = 0
 554              		@ frame_needed = 0, uses_anonymous_args = 0
 555 0000 10B5     		push	{r4, lr}
 556              	.LCFI7:
 557              		.cfi_def_cfa_offset 8
 558              		.cfi_offset 4, -8
 559              		.cfi_offset 14, -4
  10:src/bldc/bldc.c ****       PwmOut_Init(&v_pwm, &htim1, TIM_CHANNEL_2);
 560              		.loc 1 10 7 view .LVU134
 561 0002 0F4C     		ldr	r4, .L52
 562 0004 0022     		movs	r2, #0
 563 0006 2146     		mov	r1, r4
 564 0008 0E48     		ldr	r0, .L52+4
 565 000a FFF7FEFF 		bl	PwmOut_Init
 566              	.LVL43:
  11:src/bldc/bldc.c ****       PwmOut_Init(&w_pwm, &htim1, TIM_CHANNEL_3);
 567              		.loc 1 11 7 view .LVU135
 568 000e 0422     		movs	r2, #4
 569 0010 2146     		mov	r1, r4
 570 0012 0D48     		ldr	r0, .L52+8
 571 0014 FFF7FEFF 		bl	PwmOut_Init
 572              	.LVL44:
  12:src/bldc/bldc.c **** 
 573              		.loc 1 12 7 view .LVU136
 574 0018 0822     		movs	r2, #8
 575 001a 2146     		mov	r1, r4
 576 001c 0B48     		ldr	r0, .L52+12
 577 001e FFF7FEFF 		bl	PwmOut_Init
 578              	.LVL45:
  14:src/bldc/bldc.c **** }
 579              		.loc 1 14 7 view .LVU137
 580              	.LBB14:
 581              	.LBI14:
  10:Lib/timer/timer.h ****       CoreDebug->DEMCR |= CoreDebug_DEMCR_TRCENA_Msk;
 582              		.loc 4 10 20 view .LVU138
 583              	.LBB15:
  11:Lib/timer/timer.h ****       DWT->CTRL |= DWT_CTRL_CYCCNTENA_Msk;
 584              		.loc 4 11 7 view .LVU139
  11:Lib/timer/timer.h ****       DWT->CTRL |= DWT_CTRL_CYCCNTENA_Msk;
 585              		.loc 4 11 16 is_stmt 0 view .LVU140
 586 0022 0B4A     		ldr	r2, .L52+16
 587 0024 D2F8FC30 		ldr	r3, [r2, #252]
  11:Lib/timer/timer.h ****       DWT->CTRL |= DWT_CTRL_CYCCNTENA_Msk;
 588              		.loc 4 11 24 view .LVU141
 589 0028 43F08073 		orr	r3, r3, #16777216
 590 002c C2F8FC30 		str	r3, [r2, #252]
ARM GAS  /var/folders/5c/srt4fy4j1pd641bjfx75k5000000gn/T//ccbEqwAF.s 			page 18


  12:Lib/timer/timer.h **** }
 591              		.loc 4 12 7 is_stmt 1 view .LVU142
  12:Lib/timer/timer.h **** }
 592              		.loc 4 12 10 is_stmt 0 view .LVU143
 593 0030 A2F55D42 		sub	r2, r2, #56576
 594 0034 1368     		ldr	r3, [r2]
  12:Lib/timer/timer.h **** }
 595              		.loc 4 12 17 view .LVU144
 596 0036 43F00103 		orr	r3, r3, #1
 597 003a 1360     		str	r3, [r2]
 598              	.LVL46:
  12:Lib/timer/timer.h **** }
 599              		.loc 4 12 17 view .LVU145
 600              	.LBE15:
 601              	.LBE14:
  15:src/bldc/bldc.c **** 
 602              		.loc 1 15 1 view .LVU146
 603 003c 10BD     		pop	{r4, pc}
 604              	.L53:
 605 003e 00BF     		.align	2
 606              	.L52:
 607 0040 00000000 		.word	htim1
 608 0044 00000000 		.word	u_pwm
 609 0048 00000000 		.word	v_pwm
 610 004c 00000000 		.word	w_pwm
 611 0050 00ED00E0 		.word	-536810240
 612              		.cfi_endproc
 613              	.LFE138:
 615              		.section	.text.BLDC_OpenLoopDrive,"ax",%progbits
 616              		.align	1
 617              		.global	BLDC_OpenLoopDrive
 618              		.syntax unified
 619              		.thumb
 620              		.thumb_func
 622              	BLDC_OpenLoopDrive:
 623              	.LVL47:
 624              	.LFB140:
  28:src/bldc/bldc.c ****       static float phase = 0.0f;
 625              		.loc 1 28 48 is_stmt 1 view -0
 626              		.cfi_startproc
 627              		@ args = 0, pretend = 0, frame = 0
 628              		@ frame_needed = 0, uses_anonymous_args = 0
  28:src/bldc/bldc.c ****       static float phase = 0.0f;
 629              		.loc 1 28 48 is_stmt 0 view .LVU148
 630 0000 10B5     		push	{r4, lr}
 631              	.LCFI8:
 632              		.cfi_def_cfa_offset 8
 633              		.cfi_offset 4, -8
 634              		.cfi_offset 14, -4
 635 0002 2DED048B 		vpush.64	{d8, d9}
 636              	.LCFI9:
 637              		.cfi_def_cfa_offset 24
 638              		.cfi_offset 80, -24
 639              		.cfi_offset 81, -20
 640              		.cfi_offset 82, -16
 641              		.cfi_offset 83, -12
 642 0006 F0EE408A 		vmov.f32	s17, s0
ARM GAS  /var/folders/5c/srt4fy4j1pd641bjfx75k5000000gn/T//ccbEqwAF.s 			page 19


 643 000a B0EE608A 		vmov.f32	s16, s1
  29:src/bldc/bldc.c ****       float dt = Timer_Read(&dt_timer);
 644              		.loc 1 29 7 is_stmt 1 view .LVU149
  30:src/bldc/bldc.c ****       Timer_Reset(&dt_timer);
 645              		.loc 1 30 7 view .LVU150
  30:src/bldc/bldc.c ****       Timer_Reset(&dt_timer);
 646              		.loc 1 30 18 is_stmt 0 view .LVU151
 647 000e 244C     		ldr	r4, .L59
 648 0010 2046     		mov	r0, r4
 649 0012 FFF7FEFF 		bl	Timer_Read
 650              	.LVL48:
  31:src/bldc/bldc.c **** 
 651              		.loc 1 31 7 is_stmt 1 view .LVU152
 652              	.LBB16:
 653              	.LBI16:
  15:Lib/timer/timer.h ****       timer->start_time = DWT->CYCCNT;
 654              		.loc 4 15 20 view .LVU153
 655              	.LBB17:
  16:Lib/timer/timer.h **** }
 656              		.loc 4 16 7 view .LVU154
  16:Lib/timer/timer.h **** }
 657              		.loc 4 16 30 is_stmt 0 view .LVU155
 658 0016 234B     		ldr	r3, .L59+4
 659 0018 5B68     		ldr	r3, [r3, #4]
  16:Lib/timer/timer.h **** }
 660              		.loc 4 16 25 view .LVU156
 661 001a 2360     		str	r3, [r4]
 662              	.LVL49:
  16:Lib/timer/timer.h **** }
 663              		.loc 4 16 25 view .LVU157
 664              	.LBE17:
 665              	.LBE16:
  33:src/bldc/bldc.c ****       phase += delta_phase;
 666              		.loc 1 33 7 is_stmt 1 view .LVU158
  33:src/bldc/bldc.c ****       phase += delta_phase;
 667              		.loc 1 33 34 is_stmt 0 view .LVU159
 668 001c 9FED227A 		vldr.32	s14, .L59+8
 669 0020 28EE078A 		vmul.f32	s16, s16, s14
 670              	.LVL50:
  33:src/bldc/bldc.c ****       phase += delta_phase;
 671              		.loc 1 33 13 view .LVU160
 672 0024 28EE008A 		vmul.f32	s16, s16, s0
 673              	.LVL51:
  34:src/bldc/bldc.c ****       if (phase >= 360.0f) phase -= 360.0f;
 674              		.loc 1 34 7 is_stmt 1 view .LVU161
  34:src/bldc/bldc.c ****       if (phase >= 360.0f) phase -= 360.0f;
 675              		.loc 1 34 13 is_stmt 0 view .LVU162
 676 0028 204B     		ldr	r3, .L59+12
 677 002a D3ED007A 		vldr.32	s15, [r3]
 678 002e 78EE277A 		vadd.f32	s15, s16, s15
 679 0032 C3ED007A 		vstr.32	s15, [r3]
  35:src/bldc/bldc.c **** 
 680              		.loc 1 35 7 is_stmt 1 view .LVU163
  35:src/bldc/bldc.c **** 
 681              		.loc 1 35 10 is_stmt 0 view .LVU164
 682 0036 F4EEC77A 		vcmpe.f32	s15, s14
 683 003a F1EE10FA 		vmrs	APSR_nzcv, FPSCR
ARM GAS  /var/folders/5c/srt4fy4j1pd641bjfx75k5000000gn/T//ccbEqwAF.s 			page 20


 684 003e 03DB     		blt	.L55
  35:src/bldc/bldc.c **** 
 685              		.loc 1 35 28 is_stmt 1 discriminator 1 view .LVU165
  35:src/bldc/bldc.c **** 
 686              		.loc 1 35 34 is_stmt 0 discriminator 1 view .LVU166
 687 0040 77EEC77A 		vsub.f32	s15, s15, s14
 688 0044 C3ED007A 		vstr.32	s15, [r3]
 689              	.L55:
  37:src/bldc/bldc.c ****       float v = 0.5f + 0.5f * amp * SinDeg((int)phase - 120);
 690              		.loc 1 37 7 is_stmt 1 view .LVU167
  37:src/bldc/bldc.c ****       float v = 0.5f + 0.5f * amp * SinDeg((int)phase - 120);
 691              		.loc 1 37 29 is_stmt 0 view .LVU168
 692 0048 F6EE009A 		vmov.f32	s19, #5.0e-1
 693 004c 28EEA98A 		vmul.f32	s16, s17, s19
 694              	.LVL52:
  37:src/bldc/bldc.c ****       float v = 0.5f + 0.5f * amp * SinDeg((int)phase - 120);
 695              		.loc 1 37 37 view .LVU169
 696 0050 164B     		ldr	r3, .L59+12
 697 0052 D3ED007A 		vldr.32	s15, [r3]
 698 0056 FDEEE77A 		vcvt.s32.f32	s15, s15
 699 005a 17EE904A 		vmov	r4, s15	@ int
 700 005e 2046     		mov	r0, r4
 701 0060 FFF7FEFF 		bl	SinDeg
 702              	.LVL53:
  37:src/bldc/bldc.c ****       float v = 0.5f + 0.5f * amp * SinDeg((int)phase - 120);
 703              		.loc 1 37 35 view .LVU170
 704 0064 68EE008A 		vmul.f32	s17, s16, s0
 705              	.LVL54:
  37:src/bldc/bldc.c ****       float v = 0.5f + 0.5f * amp * SinDeg((int)phase - 120);
 706              		.loc 1 37 13 view .LVU171
 707 0068 78EEA98A 		vadd.f32	s17, s17, s19
 708              	.LVL55:
  38:src/bldc/bldc.c ****       float w = 0.5f + 0.5f * amp * SinDeg((int)phase + 120);
 709              		.loc 1 38 7 is_stmt 1 view .LVU172
  38:src/bldc/bldc.c ****       float w = 0.5f + 0.5f * amp * SinDeg((int)phase + 120);
 710              		.loc 1 38 37 is_stmt 0 view .LVU173
 711 006c A4F17800 		sub	r0, r4, #120
 712 0070 FFF7FEFF 		bl	SinDeg
 713              	.LVL56:
  38:src/bldc/bldc.c ****       float w = 0.5f + 0.5f * amp * SinDeg((int)phase + 120);
 714              		.loc 1 38 35 view .LVU174
 715 0074 28EE009A 		vmul.f32	s18, s16, s0
  38:src/bldc/bldc.c ****       float w = 0.5f + 0.5f * amp * SinDeg((int)phase + 120);
 716              		.loc 1 38 13 view .LVU175
 717 0078 39EE299A 		vadd.f32	s18, s18, s19
 718              	.LVL57:
  39:src/bldc/bldc.c **** 
 719              		.loc 1 39 7 is_stmt 1 view .LVU176
  39:src/bldc/bldc.c **** 
 720              		.loc 1 39 37 is_stmt 0 view .LVU177
 721 007c 04F17800 		add	r0, r4, #120
 722 0080 FFF7FEFF 		bl	SinDeg
 723              	.LVL58:
  39:src/bldc/bldc.c **** 
 724              		.loc 1 39 35 view .LVU178
 725 0084 28EE001A 		vmul.f32	s2, s16, s0
 726              	.LVL59:
ARM GAS  /var/folders/5c/srt4fy4j1pd641bjfx75k5000000gn/T//ccbEqwAF.s 			page 21


  41:src/bldc/bldc.c **** }
 727              		.loc 1 41 7 is_stmt 1 view .LVU179
 728 0088 31EE291A 		vadd.f32	s2, s2, s19
 729              	.LVL60:
  41:src/bldc/bldc.c **** }
 730              		.loc 1 41 7 is_stmt 0 view .LVU180
 731 008c F0EE490A 		vmov.f32	s1, s18
 732 0090 B0EE680A 		vmov.f32	s0, s17
 733 0094 FFF7FEFF 		bl	BLDC_WritePwm
 734              	.LVL61:
  42:src/bldc/bldc.c **** 
 735              		.loc 1 42 1 view .LVU181
 736 0098 BDEC048B 		vldm	sp!, {d8-d9}
 737              	.LCFI10:
 738              		.cfi_restore 82
 739              		.cfi_restore 83
 740              		.cfi_restore 80
 741              		.cfi_restore 81
 742              		.cfi_def_cfa_offset 8
 743              	.LVL62:
  42:src/bldc/bldc.c **** 
 744              		.loc 1 42 1 view .LVU182
 745 009c 10BD     		pop	{r4, pc}
 746              	.L60:
 747 009e 00BF     		.align	2
 748              	.L59:
 749 00a0 00000000 		.word	dt_timer
 750 00a4 001000E0 		.word	-536866816
 751 00a8 0000B443 		.word	1135869952
 752 00ac 00000000 		.word	phase.14
 753              		.cfi_endproc
 754              	.LFE140:
 756              		.section	.text.BLDC_PIDControl,"ax",%progbits
 757              		.align	1
 758              		.global	BLDC_PIDControl
 759              		.syntax unified
 760              		.thumb
 761              		.thumb_func
 763              	BLDC_PIDControl:
 764              	.LVL63:
 765              	.LFB143:
  67:src/bldc/bldc.c **** 
  68:src/bldc/bldc.c **** // PID制御計算
  69:src/bldc/bldc.c **** float BLDC_PIDControl(PIDController* pid, float error, float dt) {
 766              		.loc 1 69 66 is_stmt 1 view -0
 767              		.cfi_startproc
 768              		@ args = 0, pretend = 0, frame = 0
 769              		@ frame_needed = 0, uses_anonymous_args = 0
 770              		@ link register save eliminated.
 771              		.loc 1 69 66 is_stmt 0 view .LVU184
 772 0000 B0EE407A 		vmov.f32	s14, s0
  70:src/bldc/bldc.c ****       // 積分項
  71:src/bldc/bldc.c ****       pid->integral += error * dt;
 773              		.loc 1 71 7 is_stmt 1 view .LVU185
 774              		.loc 1 71 10 is_stmt 0 view .LVU186
 775 0004 D0ED037A 		vldr.32	s15, [r0, #12]
 776              		.loc 1 71 30 view .LVU187
ARM GAS  /var/folders/5c/srt4fy4j1pd641bjfx75k5000000gn/T//ccbEqwAF.s 			page 22


 777 0008 60EE206A 		vmul.f32	s13, s0, s1
 778              		.loc 1 71 21 view .LVU188
 779 000c 77EEA67A 		vadd.f32	s15, s15, s13
 780 0010 C0ED037A 		vstr.32	s15, [r0, #12]
  72:src/bldc/bldc.c **** 
  73:src/bldc/bldc.c ****       // 積分巻き上げ防止
  74:src/bldc/bldc.c ****       if (pid->integral > pid->output_limit) pid->integral = pid->output_limit;
 781              		.loc 1 74 7 is_stmt 1 view .LVU189
 782              		.loc 1 74 30 is_stmt 0 view .LVU190
 783 0014 D0ED056A 		vldr.32	s13, [r0, #20]
 784              		.loc 1 74 10 view .LVU191
 785 0018 F4EEE67A 		vcmpe.f32	s15, s13
 786 001c F1EE10FA 		vmrs	APSR_nzcv, FPSCR
 787 0020 01DD     		ble	.L62
 788              		.loc 1 74 46 is_stmt 1 discriminator 1 view .LVU192
 789              		.loc 1 74 60 is_stmt 0 discriminator 1 view .LVU193
 790 0022 C0ED036A 		vstr.32	s13, [r0, #12]
 791              	.L62:
  75:src/bldc/bldc.c ****       if (pid->integral < -pid->output_limit) pid->integral = -pid->output_limit;
 792              		.loc 1 75 7 is_stmt 1 view .LVU194
 793              		.loc 1 75 14 is_stmt 0 view .LVU195
 794 0026 D0ED037A 		vldr.32	s15, [r0, #12]
 795              		.loc 1 75 27 view .LVU196
 796 002a B1EE660A 		vneg.f32	s0, s13
 797              	.LVL64:
 798              		.loc 1 75 10 view .LVU197
 799 002e F4EEC07A 		vcmpe.f32	s15, s0
 800 0032 F1EE10FA 		vmrs	APSR_nzcv, FPSCR
 801 0036 01D5     		bpl	.L64
 802              		.loc 1 75 47 is_stmt 1 discriminator 1 view .LVU198
 803              		.loc 1 75 61 is_stmt 0 discriminator 1 view .LVU199
 804 0038 80ED030A 		vstr.32	s0, [r0, #12]
 805              	.L64:
  76:src/bldc/bldc.c **** 
  77:src/bldc/bldc.c ****       // 微分項
  78:src/bldc/bldc.c ****       float derivative = (error - pid->prev_error) / dt;
 806              		.loc 1 78 7 is_stmt 1 view .LVU200
 807              		.loc 1 78 38 is_stmt 0 view .LVU201
 808 003c D0ED047A 		vldr.32	s15, [r0, #16]
 809              		.loc 1 78 33 view .LVU202
 810 0040 77EE677A 		vsub.f32	s15, s14, s15
 811              		.loc 1 78 13 view .LVU203
 812 0044 87EEA06A 		vdiv.f32	s12, s15, s1
 813              	.LVL65:
  79:src/bldc/bldc.c ****       pid->prev_error = error;
 814              		.loc 1 79 7 is_stmt 1 view .LVU204
 815              		.loc 1 79 23 is_stmt 0 view .LVU205
 816 0048 80ED047A 		vstr.32	s14, [r0, #16]
  80:src/bldc/bldc.c **** 
  81:src/bldc/bldc.c ****       // PID出力計算
  82:src/bldc/bldc.c ****       float output = pid->kp * error + pid->ki * pid->integral + pid->kd * derivative;
 817              		.loc 1 82 7 is_stmt 1 view .LVU206
 818              		.loc 1 82 25 is_stmt 0 view .LVU207
 819 004c D0ED007A 		vldr.32	s15, [r0]
 820              		.loc 1 82 30 view .LVU208
 821 0050 67EE877A 		vmul.f32	s15, s15, s14
 822              		.loc 1 82 43 view .LVU209
ARM GAS  /var/folders/5c/srt4fy4j1pd641bjfx75k5000000gn/T//ccbEqwAF.s 			page 23


 823 0054 90ED017A 		vldr.32	s14, [r0, #4]
 824              	.LVL66:
 825              		.loc 1 82 53 view .LVU210
 826 0058 D0ED035A 		vldr.32	s11, [r0, #12]
 827              		.loc 1 82 48 view .LVU211
 828 005c 27EE257A 		vmul.f32	s14, s14, s11
 829              		.loc 1 82 38 view .LVU212
 830 0060 77EE877A 		vadd.f32	s15, s15, s14
 831              		.loc 1 82 69 view .LVU213
 832 0064 90ED027A 		vldr.32	s14, [r0, #8]
 833              		.loc 1 82 74 view .LVU214
 834 0068 27EE067A 		vmul.f32	s14, s14, s12
 835              		.loc 1 82 13 view .LVU215
 836 006c 77EE877A 		vadd.f32	s15, s15, s14
 837              	.LVL67:
  83:src/bldc/bldc.c **** 
  84:src/bldc/bldc.c ****       // 出力制限
  85:src/bldc/bldc.c ****       if (output > pid->output_limit) output = pid->output_limit;
 838              		.loc 1 85 7 is_stmt 1 view .LVU216
 839              		.loc 1 85 10 is_stmt 0 view .LVU217
 840 0070 F4EEE76A 		vcmpe.f32	s13, s15
 841 0074 F1EE10FA 		vmrs	APSR_nzcv, FPSCR
 842 0078 01D4     		bmi	.L66
  82:src/bldc/bldc.c **** 
 843              		.loc 1 82 13 view .LVU218
 844 007a F0EE676A 		vmov.f32	s13, s15
 845              	.L66:
 846              	.LVL68:
  86:src/bldc/bldc.c ****       if (output < -pid->output_limit) output = -pid->output_limit;
 847              		.loc 1 86 7 is_stmt 1 view .LVU219
 848              		.loc 1 86 10 is_stmt 0 view .LVU220
 849 007e B4EEE60A 		vcmpe.f32	s0, s13
 850 0082 F1EE10FA 		vmrs	APSR_nzcv, FPSCR
 851 0086 01DC     		bgt	.L61
 852 0088 B0EE660A 		vmov.f32	s0, s13
  87:src/bldc/bldc.c **** 
  88:src/bldc/bldc.c ****       return output;
 853              		.loc 1 88 7 is_stmt 1 view .LVU221
 854              	.LVL69:
 855              	.L61:
  89:src/bldc/bldc.c **** }
 856              		.loc 1 89 1 is_stmt 0 view .LVU222
 857 008c 7047     		bx	lr
 858              		.cfi_endproc
 859              	.LFE143:
 861              		.section	.text.BLDC_VectorControlInit,"ax",%progbits
 862              		.align	1
 863              		.global	BLDC_VectorControlInit
 864              		.syntax unified
 865              		.thumb
 866              		.thumb_func
 868              	BLDC_VectorControlInit:
 869              	.LVL70:
 870              	.LFB144:
  90:src/bldc/bldc.c **** 
  91:src/bldc/bldc.c **** // ベクトル制御初期化
  92:src/bldc/bldc.c **** void BLDC_VectorControlInit(SensorlessVectorControl* svc, uint8_t pole_pairs) {
ARM GAS  /var/folders/5c/srt4fy4j1pd641bjfx75k5000000gn/T//ccbEqwAF.s 			page 24


 871              		.loc 1 92 79 is_stmt 1 view -0
 872              		.cfi_startproc
 873              		@ args = 0, pretend = 0, frame = 0
 874              		@ frame_needed = 0, uses_anonymous_args = 0
 875              		.loc 1 92 79 is_stmt 0 view .LVU224
 876 0000 38B5     		push	{r3, r4, r5, lr}
 877              	.LCFI11:
 878              		.cfi_def_cfa_offset 16
 879              		.cfi_offset 3, -16
 880              		.cfi_offset 4, -12
 881              		.cfi_offset 5, -8
 882              		.cfi_offset 14, -4
 883 0002 2DED028B 		vpush.64	{d8}
 884              	.LCFI12:
 885              		.cfi_def_cfa_offset 24
 886              		.cfi_offset 80, -24
 887              		.cfi_offset 81, -20
 888 0006 0446     		mov	r4, r0
 889 0008 0D46     		mov	r5, r1
  93:src/bldc/bldc.c ****       // PIDコントローラーの初期化（速度制御用）
  94:src/bldc/bldc.c ****       BLDC_PIDInit(&svc->speed_pid, 0.001f, 0.00f, 0.000f, MAX_DUTY);
 890              		.loc 1 94 7 is_stmt 1 view .LVU225
 891 000a 9FED0C8A 		vldr.32	s16, .L72
 892 000e DFED0C1A 		vldr.32	s3, .L72+4
 893 0012 B0EE481A 		vmov.f32	s2, s16
 894 0016 F0EE480A 		vmov.f32	s1, s16
 895 001a 9FED0A0A 		vldr.32	s0, .L72+8
 896 001e 1430     		adds	r0, r0, #20
 897              	.LVL71:
 898              		.loc 1 94 7 is_stmt 0 view .LVU226
 899 0020 FFF7FEFF 		bl	BLDC_PIDInit
 900              	.LVL72:
  95:src/bldc/bldc.c **** 
  96:src/bldc/bldc.c ****       // 初期値設定
  97:src/bldc/bldc.c ****       svc->voltage_amplitude = 0.0f;  // 電圧振幅
 901              		.loc 1 97 7 is_stmt 1 view .LVU227
 902              		.loc 1 97 30 is_stmt 0 view .LVU228
 903 0024 84ED008A 		vstr.32	s16, [r4]
  98:src/bldc/bldc.c ****       svc->theta = 0.0f;              // モーター角度
 904              		.loc 1 98 7 is_stmt 1 view .LVU229
 905              		.loc 1 98 18 is_stmt 0 view .LVU230
 906 0028 84ED018A 		vstr.32	s16, [r4, #4]
  99:src/bldc/bldc.c ****       svc->prev_theta = 0.0f;         // 前回のモーター角度
 907              		.loc 1 99 7 is_stmt 1 view .LVU231
 908              		.loc 1 99 23 is_stmt 0 view .LVU232
 909 002c 84ED028A 		vstr.32	s16, [r4, #8]
 100:src/bldc/bldc.c ****       svc->speed = 0.0f;              // 推定角速度
 910              		.loc 1 100 7 is_stmt 1 view .LVU233
 911              		.loc 1 100 18 is_stmt 0 view .LVU234
 912 0030 84ED038A 		vstr.32	s16, [r4, #12]
 101:src/bldc/bldc.c ****       svc->pole_pairs = pole_pairs;   // 極対数設定
 913              		.loc 1 101 7 is_stmt 1 view .LVU235
 914              		.loc 1 101 23 is_stmt 0 view .LVU236
 915 0034 2574     		strb	r5, [r4, #16]
 102:src/bldc/bldc.c **** }
 916              		.loc 1 102 1 view .LVU237
 917 0036 BDEC028B 		vldm	sp!, {d8}
ARM GAS  /var/folders/5c/srt4fy4j1pd641bjfx75k5000000gn/T//ccbEqwAF.s 			page 25


 918              	.LCFI13:
 919              		.cfi_restore 80
 920              		.cfi_restore 81
 921              		.cfi_def_cfa_offset 16
 922 003a 38BD     		pop	{r3, r4, r5, pc}
 923              	.LVL73:
 924              	.L73:
 925              		.loc 1 102 1 view .LVU238
 926              		.align	2
 927              	.L72:
 928 003c 00000000 		.word	0
 929 0040 A4707D3F 		.word	1065185444
 930 0044 6F12833A 		.word	981668463
 931              		.cfi_endproc
 932              	.LFE144:
 934              		.global	__aeabi_f2d
 935              		.global	__aeabi_dadd
 936              		.global	__aeabi_dmul
 937              		.global	__aeabi_d2f
 938              		.global	__aeabi_i2d
 939              		.global	__aeabi_dsub
 940              		.section	.text.BLDC_SensorlessVectorControlDrive,"ax",%progbits
 941              		.align	1
 942              		.global	BLDC_SensorlessVectorControlDrive
 943              		.syntax unified
 944              		.thumb
 945              		.thumb_func
 947              	BLDC_SensorlessVectorControlDrive:
 948              	.LVL74:
 949              	.LFB145:
 103:src/bldc/bldc.c **** 
 104:src/bldc/bldc.c **** // センサレスベクトル制御メイン関数
 105:src/bldc/bldc.c **** void BLDC_SensorlessVectorControlDrive(SensorlessVectorControl* svc, uint16_t encoder_value, float 
 950              		.loc 1 105 114 is_stmt 1 view -0
 951              		.cfi_startproc
 952              		@ args = 0, pretend = 0, frame = 8
 953              		@ frame_needed = 0, uses_anonymous_args = 0
 954              		.loc 1 105 114 is_stmt 0 view .LVU240
 955 0000 2DE9F043 		push	{r4, r5, r6, r7, r8, r9, lr}
 956              	.LCFI14:
 957              		.cfi_def_cfa_offset 28
 958              		.cfi_offset 4, -28
 959              		.cfi_offset 5, -24
 960              		.cfi_offset 6, -20
 961              		.cfi_offset 7, -16
 962              		.cfi_offset 8, -12
 963              		.cfi_offset 9, -8
 964              		.cfi_offset 14, -4
 965 0004 2DED028B 		vpush.64	{d8}
 966              	.LCFI15:
 967              		.cfi_def_cfa_offset 36
 968              		.cfi_offset 80, -36
 969              		.cfi_offset 81, -32
 970 0008 83B0     		sub	sp, sp, #12
 971              	.LCFI16:
 972              		.cfi_def_cfa_offset 48
 106:src/bldc/bldc.c ****       // // エンコーダー値から機械角を取得
ARM GAS  /var/folders/5c/srt4fy4j1pd641bjfx75k5000000gn/T//ccbEqwAF.s 			page 26


 107:src/bldc/bldc.c ****       float mechanical_angle = BLDC_AdcToRadians(encoder_value);
 973              		.loc 1 107 7 is_stmt 1 view .LVU241
 974              	.LVL75:
 975              	.LBB18:
 976              	.LBI18:
  48:src/bldc/bldc.c ****       // ADCの最大値4095を2πで割る
 977              		.loc 1 48 21 view .LVU242
 978              	.LBB19:
  50:src/bldc/bldc.c **** 
 979              		.loc 1 50 7 view .LVU243
  53:src/bldc/bldc.c **** 
 980              		.loc 1 53 7 view .LVU244
  53:src/bldc/bldc.c **** 
 981              		.loc 1 53 10 is_stmt 0 view .LVU245
 982 000a B1F5805F 		cmp	r1, #4096
 983 000e 01D3     		bcc	.L75
  53:src/bldc/bldc.c **** 
 984              		.loc 1 53 39 view .LVU246
 985 0010 40F6FF71 		movw	r1, #4095
 986              	.LVL76:
 987              	.L75:
  55:src/bldc/bldc.c **** }
 988              		.loc 1 55 7 is_stmt 1 view .LVU247
  55:src/bldc/bldc.c **** }
 989              		.loc 1 55 14 is_stmt 0 view .LVU248
 990 0014 07EE901A 		vmov	s15, r1	@ int
 991 0018 F8EE677A 		vcvt.f32.u32	s15, s15
  55:src/bldc/bldc.c **** }
 992              		.loc 1 55 31 view .LVU249
 993 001c 9FEDD47A 		vldr.32	s14, .L92+24
 994 0020 67EE877A 		vmul.f32	s15, s15, s14
 995              	.LVL77:
  55:src/bldc/bldc.c **** }
 996              		.loc 1 55 31 view .LVU250
 997              	.LBE19:
 998              	.LBE18:
 108:src/bldc/bldc.c **** 
 109:src/bldc/bldc.c ****       // // 機械角から電気角に変換（極対数を考慮）
 110:src/bldc/bldc.c ****       svc->theta = mechanical_angle * svc->pole_pairs;
 999              		.loc 1 110 7 is_stmt 1 view .LVU251
 1000              		.loc 1 110 42 is_stmt 0 view .LVU252
 1001 0024 037C     		ldrb	r3, [r0, #16]	@ zero_extendqisi2
 1002 0026 07EE103A 		vmov	s14, r3	@ int
 1003              		.loc 1 110 37 view .LVU253
 1004 002a B8EEC77A 		vcvt.f32.s32	s14, s14
 1005 002e 67EE277A 		vmul.f32	s15, s14, s15
 1006              	.LVL78:
 1007              		.loc 1 110 18 view .LVU254
 1008 0032 C0ED017A 		vstr.32	s15, [r0, #4]
 111:src/bldc/bldc.c **** 
 112:src/bldc/bldc.c ****       // // 電気角を0-2πの範囲に正規化
 113:src/bldc/bldc.c ****       while (svc->theta >= 2.0f * 3.14159f) svc->theta -= 2.0f * 3.14159f;
 1009              		.loc 1 113 7 is_stmt 1 view .LVU255
 1010              		.loc 1 113 13 is_stmt 0 view .LVU256
 1011 0036 05E0     		b	.L76
 1012              	.L77:
 1013              		.loc 1 113 45 is_stmt 1 discriminator 2 view .LVU257
ARM GAS  /var/folders/5c/srt4fy4j1pd641bjfx75k5000000gn/T//ccbEqwAF.s 			page 27


 1014              		.loc 1 113 56 is_stmt 0 discriminator 2 view .LVU258
 1015 0038 9FEDCE7A 		vldr.32	s14, .L92+28
 1016 003c 77EEC77A 		vsub.f32	s15, s15, s14
 1017 0040 C0ED017A 		vstr.32	s15, [r0, #4]
 1018              	.L76:
 1019              		.loc 1 113 25 is_stmt 1 discriminator 1 view .LVU259
 1020              		.loc 1 113 17 is_stmt 0 discriminator 1 view .LVU260
 1021 0044 D0ED017A 		vldr.32	s15, [r0, #4]
 1022              		.loc 1 113 25 discriminator 1 view .LVU261
 1023 0048 9FEDCA7A 		vldr.32	s14, .L92+28
 1024 004c F4EEC77A 		vcmpe.f32	s15, s14
 1025 0050 F1EE10FA 		vmrs	APSR_nzcv, FPSCR
 1026 0054 F0DA     		bge	.L77
 1027 0056 05E0     		b	.L78
 1028              	.L79:
 114:src/bldc/bldc.c ****       while (svc->theta < 0.0f) svc->theta += 2.0f * 3.14159f;
 1029              		.loc 1 114 33 is_stmt 1 discriminator 2 view .LVU262
 1030              		.loc 1 114 44 is_stmt 0 discriminator 2 view .LVU263
 1031 0058 9FEDC67A 		vldr.32	s14, .L92+28
 1032 005c 77EE877A 		vadd.f32	s15, s15, s14
 1033 0060 C0ED017A 		vstr.32	s15, [r0, #4]
 1034              	.L78:
 1035              		.loc 1 114 25 is_stmt 1 discriminator 1 view .LVU264
 1036              		.loc 1 114 17 is_stmt 0 discriminator 1 view .LVU265
 1037 0064 D0ED017A 		vldr.32	s15, [r0, #4]
 1038              		.loc 1 114 25 discriminator 1 view .LVU266
 1039 0068 F5EEC07A 		vcmpe.f32	s15, #0
 1040 006c F1EE10FA 		vmrs	APSR_nzcv, FPSCR
 1041 0070 F2D4     		bmi	.L79
 115:src/bldc/bldc.c **** 
 116:src/bldc/bldc.c ****       // // 時間差分を取得
 117:src/bldc/bldc.c ****       // float dt = Timer_Read(&dt_timer);
 118:src/bldc/bldc.c ****       // Timer_Reset(&dt_timer);
 119:src/bldc/bldc.c **** 
 120:src/bldc/bldc.c ****       // // 角速度を推定（角度の変化量から）
 121:src/bldc/bldc.c ****       // float theta_diff = svc->theta - svc->prev_theta;
 122:src/bldc/bldc.c **** 
 123:src/bldc/bldc.c ****       // // 角度の不連続性を補正（2π周期）
 124:src/bldc/bldc.c ****       // if (theta_diff > 3.14159f) {
 125:src/bldc/bldc.c ****       //       theta_diff -= 2.0f * 3.14159f;
 126:src/bldc/bldc.c ****       // } else if (theta_diff < -3.14159f) {
 127:src/bldc/bldc.c ****       //       theta_diff += 2.0f * 3.14159f;
 128:src/bldc/bldc.c ****       // }
 129:src/bldc/bldc.c **** 
 130:src/bldc/bldc.c ****       // if (dt > 0.0f) {
 131:src/bldc/bldc.c ****       //       svc->speed = theta_diff / dt;  // rad/s
 132:src/bldc/bldc.c ****       // }
 133:src/bldc/bldc.c **** 
 134:src/bldc/bldc.c ****       // svc->prev_theta = svc->theta;
 135:src/bldc/bldc.c **** 
 136:src/bldc/bldc.c ****       // // 速度制御
 137:src/bldc/bldc.c ****       // float speed_error = target_speed - svc->speed;
 138:src/bldc/bldc.c ****       // svc->voltage_amplitude = 0.25f;  // 電圧振幅を下げて制御しやすくする
 139:src/bldc/bldc.c ****       // // PID制御は一旦無効化（センサレス制御では速度フィードバックが
 140:src/bldc/bldc.c ****       // // svc->voltage_amplitude = BLDC_PIDControl(&svc->speed_pid, speed_error, dt);
 141:src/bldc/bldc.c **** 
 142:src/bldc/bldc.c ****       // // 電圧振幅を制限
ARM GAS  /var/folders/5c/srt4fy4j1pd641bjfx75k5000000gn/T//ccbEqwAF.s 			page 28


 143:src/bldc/bldc.c ****       // if (svc->voltage_amplitude > MAX_DUTY) svc->voltage_amplitude = MAX_DUTY;
 144:src/bldc/bldc.c ****       // if (svc->voltage_amplitude < 0.0f) svc->voltage_amplitude = 0.0f;
 145:src/bldc/bldc.c **** 
 146:src/bldc/bldc.c ****       // // 三相電圧を生成（120度位相差）
 147:src/bldc/bldc.c ****       // float u = 0.5f + 0.5f * svc->voltage_amplitude * cosf(svc->theta);
 148:src/bldc/bldc.c ****       // float v = 0.5f + 0.5f * svc->voltage_amplitude * cosf(svc->theta - 2.0f * 3.14159f / 3.0f)
 149:src/bldc/bldc.c ****       // float w = 0.5f + 0.5f * svc->voltage_amplitude * cosf(svc->theta + 2.0f * 3.14159f / 3.0f)
 150:src/bldc/bldc.c **** 
 151:src/bldc/bldc.c ****       // // PWM出力
 152:src/bldc/bldc.c ****       // BLDC_WritePwm(u, v, w);
 153:src/bldc/bldc.c ****       static float Ud = 0.0f;
 1042              		.loc 1 153 7 is_stmt 1 view .LVU267
 154:src/bldc/bldc.c ****       static float Uq = 0.0f;
 1043              		.loc 1 154 7 view .LVU268
 155:src/bldc/bldc.c ****       static int limitVoltage = 5;  // 定格電圧を使用
 1044              		.loc 1 155 7 view .LVU269
 156:src/bldc/bldc.c **** 
 157:src/bldc/bldc.c ****       static float T0, T1, T2;
 1045              		.loc 1 157 7 view .LVU270
 158:src/bldc/bldc.c ****       static float Ta, Tb, Tc;
 1046              		.loc 1 158 7 view .LVU271
 159:src/bldc/bldc.c ****       static float Ua, Ub, Uc;
 1047              		.loc 1 159 7 view .LVU272
 160:src/bldc/bldc.c **** 
 161:src/bldc/bldc.c ****       static uint8_t sector;
 1048              		.loc 1 161 7 view .LVU273
 162:src/bldc/bldc.c **** 
 163:src/bldc/bldc.c ****       static float Uout;
 1049              		.loc 1 163 7 view .LVU274
 164:src/bldc/bldc.c **** 
 165:src/bldc/bldc.c ****       float _elAngle = svc->theta;  // 電気角度
 1050              		.loc 1 165 7 view .LVU275
 1051              	.LVL79:
 166:src/bldc/bldc.c ****       // from SimpleFOC
 167:src/bldc/bldc.c ****       // a bit of optitmisation
 168:src/bldc/bldc.c ****       if (Ud) {  // only if Ud and Uq set
 1052              		.loc 1 168 7 view .LVU276
 1053              	.LBB20:
 169:src/bldc/bldc.c ****             // _sqrt is an approx of sqrt (3-4% error)
 170:src/bldc/bldc.c ****             Uout = sqrt(Ud * Ud + Uq * Uq) / limitVoltage;
 171:src/bldc/bldc.c ****             // angle normalisation in between 0 and 2pi
 172:src/bldc/bldc.c ****             // only necessary if using _sin and _cos - approximation functions
 173:src/bldc/bldc.c ****             _elAngle = normalizeRadians(_elAngle + atan2(Uq, Ud));
 174:src/bldc/bldc.c ****       } else {  // only Uq available - no need for atan2 and sqrt
 175:src/bldc/bldc.c ****             Uout = Uq / limitVoltage;
 1054              		.loc 1 175 13 view .LVU277
 1055              		.loc 1 175 23 is_stmt 0 view .LVU278
 1056 0072 C14C     		ldr	r4, .L92+32
 1057 0074 94ED006A 		vldr.32	s12, [r4]
 1058 0078 F1EE046A 		vmov.f32	s13, #5.0e+0
 1059 007c 86EE267A 		vdiv.f32	s14, s12, s13
 1060              		.loc 1 175 18 view .LVU279
 1061 0080 BE4E     		ldr	r6, .L92+36
 1062 0082 86ED007A 		vstr.32	s14, [r6]
 176:src/bldc/bldc.c ****             // angle normalisation in between 0 and 2pi
 177:src/bldc/bldc.c ****             // only necessary if using _sin and _cos - approximation functions
 178:src/bldc/bldc.c ****             // int8_t Dir = Uq > 0 ? 1 : -1;
ARM GAS  /var/folders/5c/srt4fy4j1pd641bjfx75k5000000gn/T//ccbEqwAF.s 			page 29


 179:src/bldc/bldc.c ****             // 魔法です。これ。
 180:src/bldc/bldc.c ****             float fwAngle = (10 * -0.005);
 1063              		.loc 1 180 13 is_stmt 1 view .LVU280
 1064              	.LVL80:
 181:src/bldc/bldc.c ****             if (fwAngle > 1.5) fwAngle = 1.5;  // これは大体PI/2に合わせている。
 1065              		.loc 1 181 13 view .LVU281
 182:src/bldc/bldc.c ****             if (fwAngle < -1.5) fwAngle = -1.5;
 1066              		.loc 1 182 13 view .LVU282
 183:src/bldc/bldc.c ****             _elAngle = normalizeRadians(_elAngle + HALF_PI) + fwAngle;
 1067              		.loc 1 183 13 view .LVU283
 1068              		.loc 1 183 24 is_stmt 0 view .LVU284
 1069 0086 17EE900A 		vmov	r0, s15
 1070              	.LVL81:
 1071              		.loc 1 183 24 view .LVU285
 1072 008a FFF7FEFF 		bl	__aeabi_f2d
 1073              	.LVL82:
 1074              		.loc 1 183 24 view .LVU286
 1075 008e B2A3     		adr	r3, .L92
 1076 0090 D3E90023 		ldrd	r2, [r3]
 1077 0094 FFF7FEFF 		bl	__aeabi_dadd
 1078              	.LVL83:
 1079 0098 41EC100B 		vmov	d0, r0, r1
 1080 009c FFF7FEFF 		bl	normalizeRadians
 1081              	.LVL84:
 1082 00a0 07EE900A 		vmov	s15, r0	@ int
 1083              		.loc 1 183 61 view .LVU287
 1084 00a4 F8EEE77A 		vcvt.f32.s32	s15, s15
 1085              	.LVL85:
 1086              		.loc 1 183 61 view .LVU288
 1087              	.LBE20:
 184:src/bldc/bldc.c ****       }
 185:src/bldc/bldc.c ****       _elAngle = normalizeRadians(_elAngle);
 1088              		.loc 1 185 7 is_stmt 1 view .LVU289
 1089              		.loc 1 185 18 is_stmt 0 view .LVU290
 1090 00a8 9FEDB57A 		vldr.32	s14, .L92+40
 1091 00ac 77EEC77A 		vsub.f32	s15, s15, s14
 1092              	.LVL86:
 1093              		.loc 1 185 18 view .LVU291
 1094 00b0 17EE900A 		vmov	r0, s15
 1095 00b4 FFF7FEFF 		bl	__aeabi_f2d
 1096              	.LVL87:
 1097              		.loc 1 185 18 view .LVU292
 1098 00b8 41EC100B 		vmov	d0, r0, r1
 1099 00bc FFF7FEFF 		bl	normalizeRadians
 1100              	.LVL88:
 1101 00c0 08EE900A 		vmov	s17, r0	@ int
 1102              		.loc 1 185 16 view .LVU293
 1103 00c4 F8EEE88A 		vcvt.f32.s32	s17, s17
 1104              	.LVL89:
 186:src/bldc/bldc.c ****       Uq = abs(Uq);
 1105              		.loc 1 186 7 is_stmt 1 view .LVU294
 1106              		.loc 1 186 12 is_stmt 0 view .LVU295
 1107 00c8 2068     		ldr	r0, [r4]	@ float
 1108 00ca FFF7FEFF 		bl	__aeabi_f2d
 1109              	.LVL90:
 1110 00ce 41EC100B 		vmov	d0, r0, r1
 1111 00d2 FFF7FEFF 		bl	abs
ARM GAS  /var/folders/5c/srt4fy4j1pd641bjfx75k5000000gn/T//ccbEqwAF.s 			page 30


 1112              	.LVL91:
 1113 00d6 07EE900A 		vmov	s15, r0	@ int
 1114              		.loc 1 186 10 view .LVU296
 1115 00da F8EEE77A 		vcvt.f32.s32	s15, s15
 1116 00de C4ED007A 		vstr.32	s15, [r4]
 187:src/bldc/bldc.c **** 
 188:src/bldc/bldc.c ****       sector = (int)(_elAngle / PI * 3) + 1;
 1117              		.loc 1 188 7 is_stmt 1 view .LVU297
 1118              		.loc 1 188 31 is_stmt 0 view .LVU298
 1119 00e2 DFEDA86A 		vldr.32	s13, .L92+44
 1120 00e6 C8EEA67A 		vdiv.f32	s15, s17, s13
 1121              		.loc 1 188 36 view .LVU299
 1122 00ea B0EE087A 		vmov.f32	s14, #3.0e+0
 1123 00ee 67EE877A 		vmul.f32	s15, s15, s14
 1124              		.loc 1 188 16 view .LVU300
 1125 00f2 FDEEE77A 		vcvt.s32.f32	s15, s15
 1126 00f6 CDED017A 		vstr.32	s15, [sp, #4]	@ int
 1127              		.loc 1 188 41 view .LVU301
 1128 00fa 9DF80450 		ldrb	r5, [sp, #4]	@ zero_extendqisi2
 1129 00fe 6C1C     		adds	r4, r5, #1
 1130 0100 E4B2     		uxtb	r4, r4
 1131              		.loc 1 188 14 view .LVU302
 1132 0102 A14B     		ldr	r3, .L92+48
 1133 0104 1C70     		strb	r4, [r3]
 189:src/bldc/bldc.c ****       T1 = sqrt(3) * sin(sector * PI * 3 - _elAngle) * Uout;
 1134              		.loc 1 189 7 is_stmt 1 view .LVU303
 1135              		.loc 1 189 33 is_stmt 0 view .LVU304
 1136 0106 07EE904A 		vmov	s15, r4	@ int
 1137 010a F8EEE77A 		vcvt.f32.s32	s15, s15
 1138 010e 67EEA67A 		vmul.f32	s15, s15, s13
 1139              		.loc 1 189 38 view .LVU305
 1140 0112 67EE877A 		vmul.f32	s15, s15, s14
 1141              		.loc 1 189 22 view .LVU306
 1142 0116 77EEE87A 		vsub.f32	s15, s15, s17
 1143 011a 17EE900A 		vmov	r0, s15
 1144 011e FFF7FEFF 		bl	__aeabi_f2d
 1145              	.LVL92:
 1146 0122 41EC100B 		vmov	d0, r0, r1
 1147 0126 FFF7FEFF 		bl	sin
 1148              	.LVL93:
 1149 012a 51EC100B 		vmov	r0, r1, d0
 1150              		.loc 1 189 20 view .LVU307
 1151 012e 8CA3     		adr	r3, .L92+8
 1152 0130 D3E90023 		ldrd	r2, [r3]
 1153 0134 FFF7FEFF 		bl	__aeabi_dmul
 1154              	.LVL94:
 1155 0138 8046     		mov	r8, r0
 1156 013a 8946     		mov	r9, r1
 1157              		.loc 1 189 54 view .LVU308
 1158 013c 3068     		ldr	r0, [r6]	@ float
 1159 013e FFF7FEFF 		bl	__aeabi_f2d
 1160              	.LVL95:
 1161 0142 0646     		mov	r6, r0
 1162 0144 0F46     		mov	r7, r1
 1163 0146 0246     		mov	r2, r0
 1164 0148 0B46     		mov	r3, r1
 1165 014a 4046     		mov	r0, r8
ARM GAS  /var/folders/5c/srt4fy4j1pd641bjfx75k5000000gn/T//ccbEqwAF.s 			page 31


 1166 014c 4946     		mov	r1, r9
 1167 014e FFF7FEFF 		bl	__aeabi_dmul
 1168              	.LVL96:
 1169 0152 FFF7FEFF 		bl	__aeabi_d2f
 1170              	.LVL97:
 1171 0156 08EE100A 		vmov	s16, r0
 1172              		.loc 1 189 10 view .LVU309
 1173 015a 8C4B     		ldr	r3, .L92+52
 1174 015c 1860     		str	r0, [r3]	@ float
 190:src/bldc/bldc.c ****       T2 = sqrt(3) * sin(_elAngle - (sector - 1.0) * PI * 3) * Uout;
 1175              		.loc 1 190 7 is_stmt 1 view .LVU310
 1176              		.loc 1 190 45 is_stmt 0 view .LVU311
 1177 015e 2046     		mov	r0, r4
 1178 0160 FFF7FEFF 		bl	__aeabi_i2d
 1179              	.LVL98:
 1180 0164 0022     		movs	r2, #0
 1181 0166 8A4B     		ldr	r3, .L92+56
 1182 0168 FFF7FEFF 		bl	__aeabi_dsub
 1183              	.LVL99:
 1184              		.loc 1 190 52 view .LVU312
 1185 016c 7EA3     		adr	r3, .L92+16
 1186 016e D3E90023 		ldrd	r2, [r3]
 1187 0172 FFF7FEFF 		bl	__aeabi_dmul
 1188              	.LVL100:
 1189              		.loc 1 190 57 view .LVU313
 1190 0176 0022     		movs	r2, #0
 1191 0178 864B     		ldr	r3, .L92+60
 1192 017a FFF7FEFF 		bl	__aeabi_dmul
 1193              	.LVL101:
 1194 017e 8046     		mov	r8, r0
 1195 0180 8946     		mov	r9, r1
 1196              		.loc 1 190 22 view .LVU314
 1197 0182 18EE900A 		vmov	r0, s17
 1198 0186 FFF7FEFF 		bl	__aeabi_f2d
 1199              	.LVL102:
 1200 018a 4246     		mov	r2, r8
 1201 018c 4B46     		mov	r3, r9
 1202 018e FFF7FEFF 		bl	__aeabi_dsub
 1203              	.LVL103:
 1204 0192 41EC100B 		vmov	d0, r0, r1
 1205 0196 FFF7FEFF 		bl	sin
 1206              	.LVL104:
 1207 019a 51EC100B 		vmov	r0, r1, d0
 1208              		.loc 1 190 20 view .LVU315
 1209 019e 70A3     		adr	r3, .L92+8
 1210 01a0 D3E90023 		ldrd	r2, [r3]
 1211 01a4 FFF7FEFF 		bl	__aeabi_dmul
 1212              	.LVL105:
 1213 01a8 0246     		mov	r2, r0
 1214 01aa 0B46     		mov	r3, r1
 1215              		.loc 1 190 62 view .LVU316
 1216 01ac 3046     		mov	r0, r6
 1217 01ae 3946     		mov	r1, r7
 1218 01b0 FFF7FEFF 		bl	__aeabi_dmul
 1219              	.LVL106:
 1220 01b4 FFF7FEFF 		bl	__aeabi_d2f
 1221              	.LVL107:
ARM GAS  /var/folders/5c/srt4fy4j1pd641bjfx75k5000000gn/T//ccbEqwAF.s 			page 32


 1222 01b8 07EE100A 		vmov	s14, r0
 1223              		.loc 1 190 10 view .LVU317
 1224 01bc 764B     		ldr	r3, .L92+64
 1225 01be 1860     		str	r0, [r3]	@ float
 191:src/bldc/bldc.c ****       T0 = 0 - T1 - T2;
 1226              		.loc 1 191 7 is_stmt 1 view .LVU318
 1227              		.loc 1 191 14 is_stmt 0 view .LVU319
 1228 01c0 DFED767A 		vldr.32	s15, .L92+68
 1229 01c4 77EEC87A 		vsub.f32	s15, s15, s16
 1230              		.loc 1 191 19 view .LVU320
 1231 01c8 77EEC77A 		vsub.f32	s15, s15, s14
 1232              		.loc 1 191 10 view .LVU321
 1233 01cc 744B     		ldr	r3, .L92+72
 1234 01ce C3ED007A 		vstr.32	s15, [r3]
 192:src/bldc/bldc.c ****       // if (debug)
 193:src/bldc/bldc.c ****       //     pc->printf("elAngle:%f, sector:%d \n", _elAngle, sector);
 194:src/bldc/bldc.c ****       if (sector == 1) {
 1235              		.loc 1 194 7 is_stmt 1 view .LVU322
 1236              		.loc 1 194 10 is_stmt 0 view .LVU323
 1237 01d2 012C     		cmp	r4, #1
 1238 01d4 0AD0     		beq	.L91
 195:src/bldc/bldc.c ****             Ta = T1 + T2 + T0 / 2;
 196:src/bldc/bldc.c ****             Tb = T2 + T0 / 2;
 197:src/bldc/bldc.c ****             Tc = T0 / 2;
 198:src/bldc/bldc.c ****       } else if (sector == 2) {
 1239              		.loc 1 198 14 is_stmt 1 view .LVU324
 1240 01d6 013D     		subs	r5, r5, #1
 1241 01d8 042D     		cmp	r5, #4
 1242 01da 00F21B81 		bhi	.L82
 1243 01de DFE815F0 		tbh	[pc, r5, lsl #1]
 1244              	.L84:
 1245 01e2 7C00     		.2byte	(.L88-.L84)/2
 1246 01e4 9000     		.2byte	(.L87-.L84)/2
 1247 01e6 A400     		.2byte	(.L86-.L84)/2
 1248 01e8 F100     		.2byte	(.L85-.L84)/2
 1249 01ea 0501     		.2byte	(.L83-.L84)/2
 1250              		.p2align 1
 1251              	.L91:
 195:src/bldc/bldc.c ****             Ta = T1 + T2 + T0 / 2;
 1252              		.loc 1 195 13 view .LVU325
 195:src/bldc/bldc.c ****             Ta = T1 + T2 + T0 / 2;
 1253              		.loc 1 195 21 is_stmt 0 view .LVU326
 1254 01ec 38EE078A 		vadd.f32	s16, s16, s14
 195:src/bldc/bldc.c ****             Ta = T1 + T2 + T0 / 2;
 1255              		.loc 1 195 31 view .LVU327
 1256 01f0 F6EE006A 		vmov.f32	s13, #5.0e-1
 1257 01f4 67EEA67A 		vmul.f32	s15, s15, s13
 195:src/bldc/bldc.c ****             Ta = T1 + T2 + T0 / 2;
 1258              		.loc 1 195 26 view .LVU328
 1259 01f8 38EE278A 		vadd.f32	s16, s16, s15
 195:src/bldc/bldc.c ****             Ta = T1 + T2 + T0 / 2;
 1260              		.loc 1 195 16 view .LVU329
 1261 01fc 694B     		ldr	r3, .L92+76
 1262 01fe 83ED008A 		vstr.32	s16, [r3]
 196:src/bldc/bldc.c ****             Tc = T0 / 2;
 1263              		.loc 1 196 13 is_stmt 1 view .LVU330
 196:src/bldc/bldc.c ****             Tc = T0 / 2;
ARM GAS  /var/folders/5c/srt4fy4j1pd641bjfx75k5000000gn/T//ccbEqwAF.s 			page 33


 1264              		.loc 1 196 21 is_stmt 0 view .LVU331
 1265 0202 37EE277A 		vadd.f32	s14, s14, s15
 196:src/bldc/bldc.c ****             Tc = T0 / 2;
 1266              		.loc 1 196 16 view .LVU332
 1267 0206 684B     		ldr	r3, .L92+80
 1268 0208 83ED007A 		vstr.32	s14, [r3]
 197:src/bldc/bldc.c ****       } else if (sector == 2) {
 1269              		.loc 1 197 13 is_stmt 1 view .LVU333
 197:src/bldc/bldc.c ****       } else if (sector == 2) {
 1270              		.loc 1 197 16 is_stmt 0 view .LVU334
 1271 020c 674B     		ldr	r3, .L92+84
 1272 020e C3ED007A 		vstr.32	s15, [r3]
 1273              	.L81:
 199:src/bldc/bldc.c ****             Ta = T1 + T0 / 2;
 200:src/bldc/bldc.c ****             Tb = T1 + T2 + T0 / 2;
 201:src/bldc/bldc.c ****             Tc = T0 / 2;
 202:src/bldc/bldc.c ****       } else if (sector == 3) {
 203:src/bldc/bldc.c ****             Ta = T0 / 2;
 204:src/bldc/bldc.c ****             Tb = T1 + T2 + T0 / 2;
 205:src/bldc/bldc.c ****             Tc = T2 + T0 / 2;
 206:src/bldc/bldc.c ****       } else if (sector == 4) {
 207:src/bldc/bldc.c ****             Ta = T0 / 2;
 208:src/bldc/bldc.c ****             Tb = T1 + T0 / 2;
 209:src/bldc/bldc.c ****             Tc = T1 + T2 + T0 / 2;
 210:src/bldc/bldc.c ****       } else if (sector == 5) {
 211:src/bldc/bldc.c ****             Ta = T2 + T0 / 2;
 212:src/bldc/bldc.c ****             Tb = T0 / 2;
 213:src/bldc/bldc.c ****             Tc = T1 + T2 + T0 / 2;
 214:src/bldc/bldc.c ****       } else if (sector == 6) {
 215:src/bldc/bldc.c ****             Ta = T1 + T2 + T0 / 2;
 216:src/bldc/bldc.c ****             Tb = T0 / 2;
 217:src/bldc/bldc.c ****             Tc = T1 + T0 / 2;
 218:src/bldc/bldc.c ****       } else {
 219:src/bldc/bldc.c ****             Ta = 0;
 220:src/bldc/bldc.c ****             Tb = 0;
 221:src/bldc/bldc.c ****             Tc = 0;
 222:src/bldc/bldc.c ****       }
 223:src/bldc/bldc.c **** 
 224:src/bldc/bldc.c ****       Ua = constrain(Ta * 8.5, -limitVoltage, limitVoltage) + 8.5 / 2;
 1274              		.loc 1 224 7 is_stmt 1 view .LVU335
 1275              		.loc 1 224 12 is_stmt 0 view .LVU336
 1276 0212 644B     		ldr	r3, .L92+76
 1277 0214 1868     		ldr	r0, [r3]	@ float
 1278 0216 FFF7FEFF 		bl	__aeabi_f2d
 1279              	.LVL108:
 1280 021a 0022     		movs	r2, #0
 1281 021c 644B     		ldr	r3, .L92+88
 1282 021e FFF7FEFF 		bl	__aeabi_dmul
 1283              	.LVL109:
 1284 0222 41EC100B 		vmov	d0, r0, r1
 1285 0226 0521     		movs	r1, #5
 1286 0228 6FF00400 		mvn	r0, #4
 1287 022c FFF7FEFF 		bl	constrain
 1288              	.LVL110:
 1289              		.loc 1 224 61 view .LVU337
 1290 0230 FFF7FEFF 		bl	__aeabi_i2d
 1291              	.LVL111:
ARM GAS  /var/folders/5c/srt4fy4j1pd641bjfx75k5000000gn/T//ccbEqwAF.s 			page 34


 1292 0234 0022     		movs	r2, #0
 1293 0236 5F4B     		ldr	r3, .L92+92
 1294 0238 FFF7FEFF 		bl	__aeabi_dadd
 1295              	.LVL112:
 1296 023c FFF7FEFF 		bl	__aeabi_d2f
 1297              	.LVL113:
 1298              		.loc 1 224 10 view .LVU338
 1299 0240 5D4D     		ldr	r5, .L92+96
 1300 0242 2860     		str	r0, [r5]	@ float
 225:src/bldc/bldc.c ****       Ub = constrain(Tb * 8.5, -limitVoltage, limitVoltage) + 8.5 / 2;
 1301              		.loc 1 225 7 is_stmt 1 view .LVU339
 1302              		.loc 1 225 12 is_stmt 0 view .LVU340
 1303 0244 584B     		ldr	r3, .L92+80
 1304 0246 1868     		ldr	r0, [r3]	@ float
 1305 0248 FFF7FEFF 		bl	__aeabi_f2d
 1306              	.LVL114:
 1307 024c 0022     		movs	r2, #0
 1308 024e 584B     		ldr	r3, .L92+88
 1309 0250 FFF7FEFF 		bl	__aeabi_dmul
 1310              	.LVL115:
 1311 0254 41EC100B 		vmov	d0, r0, r1
 1312 0258 0521     		movs	r1, #5
 1313 025a 6FF00400 		mvn	r0, #4
 1314 025e FFF7FEFF 		bl	constrain
 1315              	.LVL116:
 1316              		.loc 1 225 61 view .LVU341
 1317 0262 FFF7FEFF 		bl	__aeabi_i2d
 1318              	.LVL117:
 1319 0266 0022     		movs	r2, #0
 1320 0268 524B     		ldr	r3, .L92+92
 1321 026a FFF7FEFF 		bl	__aeabi_dadd
 1322              	.LVL118:
 1323 026e FFF7FEFF 		bl	__aeabi_d2f
 1324              	.LVL119:
 1325              		.loc 1 225 10 view .LVU342
 1326 0272 524C     		ldr	r4, .L92+100
 1327 0274 2060     		str	r0, [r4]	@ float
 226:src/bldc/bldc.c ****       Uc = constrain(Tc * 8.5, -limitVoltage, limitVoltage) + 8.5 / 2;
 1328              		.loc 1 226 7 is_stmt 1 view .LVU343
 1329              		.loc 1 226 12 is_stmt 0 view .LVU344
 1330 0276 4D4B     		ldr	r3, .L92+84
 1331 0278 1868     		ldr	r0, [r3]	@ float
 1332 027a FFF7FEFF 		bl	__aeabi_f2d
 1333              	.LVL120:
 1334 027e 0022     		movs	r2, #0
 1335 0280 4B4B     		ldr	r3, .L92+88
 1336 0282 FFF7FEFF 		bl	__aeabi_dmul
 1337              	.LVL121:
 1338 0286 41EC100B 		vmov	d0, r0, r1
 1339 028a 0521     		movs	r1, #5
 1340 028c 6FF00400 		mvn	r0, #4
 1341 0290 FFF7FEFF 		bl	constrain
 1342              	.LVL122:
 1343              		.loc 1 226 61 view .LVU345
 1344 0294 FFF7FEFF 		bl	__aeabi_i2d
 1345              	.LVL123:
 1346 0298 0022     		movs	r2, #0
ARM GAS  /var/folders/5c/srt4fy4j1pd641bjfx75k5000000gn/T//ccbEqwAF.s 			page 35


 1347 029a 464B     		ldr	r3, .L92+92
 1348 029c FFF7FEFF 		bl	__aeabi_dadd
 1349              	.LVL124:
 1350 02a0 FFF7FEFF 		bl	__aeabi_d2f
 1351              	.LVL125:
 1352 02a4 07EE900A 		vmov	s15, r0
 1353              		.loc 1 226 10 view .LVU346
 1354 02a8 454B     		ldr	r3, .L92+104
 1355 02aa 1860     		str	r0, [r3]	@ float
 227:src/bldc/bldc.c **** 
 228:src/bldc/bldc.c ****       // if (debug)
 229:src/bldc/bldc.c ****       //     pc->printf("%f %f %f\n", Ua, Ub, Uc);
 230:src/bldc/bldc.c **** 
 231:src/bldc/bldc.c ****       Ua /= 8.5;
 1356              		.loc 1 231 7 is_stmt 1 view .LVU347
 1357              		.loc 1 231 10 is_stmt 0 view .LVU348
 1358 02ac 95ED006A 		vldr.32	s12, [r5]
 1359 02b0 B2EE017A 		vmov.f32	s14, #8.5e+0
 1360 02b4 C6EE076A 		vdiv.f32	s13, s12, s14
 1361 02b8 C5ED006A 		vstr.32	s13, [r5]
 232:src/bldc/bldc.c ****       Ub /= 8.5;
 1362              		.loc 1 232 7 is_stmt 1 view .LVU349
 1363              		.loc 1 232 10 is_stmt 0 view .LVU350
 1364 02bc 94ED006A 		vldr.32	s12, [r4]
 1365 02c0 C6EE076A 		vdiv.f32	s13, s12, s14
 1366 02c4 C4ED006A 		vstr.32	s13, [r4]
 233:src/bldc/bldc.c ****       Uc /= 8.5;
 1367              		.loc 1 233 7 is_stmt 1 view .LVU351
 1368              		.loc 1 233 10 is_stmt 0 view .LVU352
 1369 02c8 C7EE876A 		vdiv.f32	s13, s15, s14
 1370 02cc C3ED006A 		vstr.32	s13, [r3]
 234:src/bldc/bldc.c **** }...
 1371              		.loc 1 234 1 view .LVU353
 1372 02d0 03B0     		add	sp, sp, #12
 1373              	.LCFI17:
 1374              		.cfi_remember_state
 1375              		.cfi_def_cfa_offset 36
 1376              		@ sp needed
 1377 02d2 BDEC028B 		vldm	sp!, {d8}
 1378              	.LCFI18:
 1379              		.cfi_restore 80
 1380              		.cfi_restore 81
 1381              		.cfi_def_cfa_offset 28
 1382 02d6 BDE8F083 		pop	{r4, r5, r6, r7, r8, r9, pc}
 1383              	.L88:
 1384              	.LCFI19:
 1385              		.cfi_restore_state
 199:src/bldc/bldc.c ****             Ta = T1 + T0 / 2;
 1386              		.loc 1 199 13 is_stmt 1 view .LVU354
 199:src/bldc/bldc.c ****             Ta = T1 + T0 / 2;
 1387              		.loc 1 199 26 is_stmt 0 view .LVU355
 1388 02da F6EE006A 		vmov.f32	s13, #5.0e-1
 1389 02de 67EEA67A 		vmul.f32	s15, s15, s13
 199:src/bldc/bldc.c ****             Ta = T1 + T0 / 2;
 1390              		.loc 1 199 21 view .LVU356
 1391 02e2 78EE276A 		vadd.f32	s13, s16, s15
 199:src/bldc/bldc.c ****             Ta = T1 + T0 / 2;
ARM GAS  /var/folders/5c/srt4fy4j1pd641bjfx75k5000000gn/T//ccbEqwAF.s 			page 36


 1392              		.loc 1 199 16 view .LVU357
 1393 02e6 2F4B     		ldr	r3, .L92+76
 1394 02e8 C3ED006A 		vstr.32	s13, [r3]
 200:src/bldc/bldc.c ****             Tb = T1 + T2 + T0 / 2;
 1395              		.loc 1 200 13 is_stmt 1 view .LVU358
 200:src/bldc/bldc.c ****             Tb = T1 + T2 + T0 / 2;
 1396              		.loc 1 200 21 is_stmt 0 view .LVU359
 1397 02ec 38EE077A 		vadd.f32	s14, s16, s14
 200:src/bldc/bldc.c ****             Tb = T1 + T2 + T0 / 2;
 1398              		.loc 1 200 26 view .LVU360
 1399 02f0 37EE877A 		vadd.f32	s14, s15, s14
 200:src/bldc/bldc.c ****             Tb = T1 + T2 + T0 / 2;
 1400              		.loc 1 200 16 view .LVU361
 1401 02f4 2C4B     		ldr	r3, .L92+80
 1402 02f6 83ED007A 		vstr.32	s14, [r3]
 201:src/bldc/bldc.c ****             Tc = T0 / 2;
 1403              		.loc 1 201 13 is_stmt 1 view .LVU362
 201:src/bldc/bldc.c ****             Tc = T0 / 2;
 1404              		.loc 1 201 16 is_stmt 0 view .LVU363
 1405 02fa 2C4B     		ldr	r3, .L92+84
 1406 02fc C3ED007A 		vstr.32	s15, [r3]
 1407 0300 87E7     		b	.L81
 1408              	.L87:
 203:src/bldc/bldc.c ****             Ta = T0 / 2;
 1409              		.loc 1 203 13 is_stmt 1 view .LVU364
 203:src/bldc/bldc.c ****             Ta = T0 / 2;
 1410              		.loc 1 203 21 is_stmt 0 view .LVU365
 1411 0302 F6EE006A 		vmov.f32	s13, #5.0e-1
 1412 0306 67EEA67A 		vmul.f32	s15, s15, s13
 203:src/bldc/bldc.c ****             Ta = T0 / 2;
 1413              		.loc 1 203 16 view .LVU366
 1414 030a 264B     		ldr	r3, .L92+76
 1415 030c C3ED007A 		vstr.32	s15, [r3]
 204:src/bldc/bldc.c ****             Tb = T1 + T2 + T0 / 2;
 1416              		.loc 1 204 13 is_stmt 1 view .LVU367
 204:src/bldc/bldc.c ****             Tb = T1 + T2 + T0 / 2;
 1417              		.loc 1 204 21 is_stmt 0 view .LVU368
 1418 0310 78EE076A 		vadd.f32	s13, s16, s14
 204:src/bldc/bldc.c ****             Tb = T1 + T2 + T0 / 2;
 1419              		.loc 1 204 26 view .LVU369
 1420 0314 77EEA66A 		vadd.f32	s13, s15, s13
 204:src/bldc/bldc.c ****             Tb = T1 + T2 + T0 / 2;
 1421              		.loc 1 204 16 view .LVU370
 1422 0318 234B     		ldr	r3, .L92+80
 1423 031a C3ED006A 		vstr.32	s13, [r3]
 205:src/bldc/bldc.c ****             Tc = T2 + T0 / 2;
 1424              		.loc 1 205 13 is_stmt 1 view .LVU371
 205:src/bldc/bldc.c ****             Tc = T2 + T0 / 2;
 1425              		.loc 1 205 21 is_stmt 0 view .LVU372
 1426 031e 37EE277A 		vadd.f32	s14, s14, s15
 205:src/bldc/bldc.c ****             Tc = T2 + T0 / 2;
 1427              		.loc 1 205 16 view .LVU373
 1428 0322 224B     		ldr	r3, .L92+84
 1429 0324 83ED007A 		vstr.32	s14, [r3]
 1430 0328 73E7     		b	.L81
 1431              	.L86:
 207:src/bldc/bldc.c ****             Ta = T0 / 2;
ARM GAS  /var/folders/5c/srt4fy4j1pd641bjfx75k5000000gn/T//ccbEqwAF.s 			page 37


 1432              		.loc 1 207 13 is_stmt 1 view .LVU374
 207:src/bldc/bldc.c ****             Ta = T0 / 2;
 1433              		.loc 1 207 21 is_stmt 0 view .LVU375
 1434 032a F6EE006A 		vmov.f32	s13, #5.0e-1
 1435 032e 67EEA67A 		vmul.f32	s15, s15, s13
 207:src/bldc/bldc.c ****             Ta = T0 / 2;
 1436              		.loc 1 207 16 view .LVU376
 1437 0332 1C4B     		ldr	r3, .L92+76
 1438 0334 C3ED007A 		vstr.32	s15, [r3]
 208:src/bldc/bldc.c ****             Tb = T1 + T0 / 2;
 1439              		.loc 1 208 13 is_stmt 1 view .LVU377
 208:src/bldc/bldc.c ****             Tb = T1 + T0 / 2;
 1440              		.loc 1 208 21 is_stmt 0 view .LVU378
 1441 0338 78EE276A 		vadd.f32	s13, s16, s15
 208:src/bldc/bldc.c ****             Tb = T1 + T0 / 2;
 1442              		.loc 1 208 16 view .LVU379
 1443 033c 1A4B     		ldr	r3, .L92+80
 1444 033e C3ED006A 		vstr.32	s13, [r3]
 209:src/bldc/bldc.c ****             Tc = T1 + T2 + T0 / 2;
 1445              		.loc 1 209 13 is_stmt 1 view .LVU380
 209:src/bldc/bldc.c ****             Tc = T1 + T2 + T0 / 2;
 1446              		.loc 1 209 21 is_stmt 0 view .LVU381
 1447 0342 38EE077A 		vadd.f32	s14, s16, s14
 209:src/bldc/bldc.c ****             Tc = T1 + T2 + T0 / 2;
 1448              		.loc 1 209 26 view .LVU382
 1449 0346 77EE877A 		vadd.f32	s15, s15, s14
 209:src/bldc/bldc.c ****             Tc = T1 + T2 + T0 / 2;
 1450              		.loc 1 209 16 view .LVU383
 1451 034a 184B     		ldr	r3, .L92+84
 1452 034c C3ED007A 		vstr.32	s15, [r3]
 1453 0350 5FE7     		b	.L81
 1454              	.L93:
 1455 0352 00BFAFF3 		.align	3
 1455      0080
 1456              	.L92:
 1457 0358 182D4454 		.word	1413754136
 1458 035c FB21F93F 		.word	1073291771
 1459 0360 AA4C58E8 		.word	-396866390
 1460 0364 7AB6FB3F 		.word	1073460858
 1461 0368 00000060 		.word	1610612736
 1462 036c FB210940 		.word	1074340347
 1463 0370 6D1CC93A 		.word	986258541
 1464 0374 D00FC940 		.word	1086918608
 1465 0378 00000000 		.word	Uq.12
 1466 037c 00000000 		.word	Uout.10
 1467 0380 CDCC4C3D 		.word	1028443341
 1468 0384 DB0F4940 		.word	1078530011
 1469 0388 00000000 		.word	sector.9
 1470 038c 00000000 		.word	T1.8
 1471 0390 0000F03F 		.word	1072693248
 1472 0394 00000840 		.word	1074266112
 1473 0398 00000000 		.word	T2.7
 1474 039c 00000000 		.word	0
 1475 03a0 00000000 		.word	T0.6
 1476 03a4 00000000 		.word	Ta.5
 1477 03a8 00000000 		.word	Tb.4
 1478 03ac 00000000 		.word	Tc.3
ARM GAS  /var/folders/5c/srt4fy4j1pd641bjfx75k5000000gn/T//ccbEqwAF.s 			page 38


 1479 03b0 00002140 		.word	1075904512
 1480 03b4 00001140 		.word	1074855936
 1481 03b8 00000000 		.word	Ua.2
 1482 03bc 00000000 		.word	Ub.1
 1483 03c0 00000000 		.word	Uc.0
 1484              	.L85:
 211:src/bldc/bldc.c ****             Ta = T2 + T0 / 2;
 1485              		.loc 1 211 13 is_stmt 1 view .LVU384
 211:src/bldc/bldc.c ****             Ta = T2 + T0 / 2;
 1486              		.loc 1 211 26 is_stmt 0 view .LVU385
 1487 03c4 F6EE006A 		vmov.f32	s13, #5.0e-1
 1488 03c8 67EEA67A 		vmul.f32	s15, s15, s13
 211:src/bldc/bldc.c ****             Ta = T2 + T0 / 2;
 1489              		.loc 1 211 21 view .LVU386
 1490 03cc 77EE276A 		vadd.f32	s13, s14, s15
 211:src/bldc/bldc.c ****             Ta = T2 + T0 / 2;
 1491              		.loc 1 211 16 view .LVU387
 1492 03d0 144B     		ldr	r3, .L94
 1493 03d2 C3ED006A 		vstr.32	s13, [r3]
 212:src/bldc/bldc.c ****             Tb = T0 / 2;
 1494              		.loc 1 212 13 is_stmt 1 view .LVU388
 212:src/bldc/bldc.c ****             Tb = T0 / 2;
 1495              		.loc 1 212 16 is_stmt 0 view .LVU389
 1496 03d6 144B     		ldr	r3, .L94+4
 1497 03d8 C3ED007A 		vstr.32	s15, [r3]
 213:src/bldc/bldc.c ****             Tc = T1 + T2 + T0 / 2;
 1498              		.loc 1 213 13 is_stmt 1 view .LVU390
 213:src/bldc/bldc.c ****             Tc = T1 + T2 + T0 / 2;
 1499              		.loc 1 213 21 is_stmt 0 view .LVU391
 1500 03dc 38EE077A 		vadd.f32	s14, s16, s14
 213:src/bldc/bldc.c ****             Tc = T1 + T2 + T0 / 2;
 1501              		.loc 1 213 26 view .LVU392
 1502 03e0 77EE877A 		vadd.f32	s15, s15, s14
 213:src/bldc/bldc.c ****             Tc = T1 + T2 + T0 / 2;
 1503              		.loc 1 213 16 view .LVU393
 1504 03e4 114B     		ldr	r3, .L94+8
 1505 03e6 C3ED007A 		vstr.32	s15, [r3]
 1506 03ea 12E7     		b	.L81
 1507              	.L83:
 215:src/bldc/bldc.c ****             Ta = T1 + T2 + T0 / 2;
 1508              		.loc 1 215 13 is_stmt 1 view .LVU394
 215:src/bldc/bldc.c ****             Ta = T1 + T2 + T0 / 2;
 1509              		.loc 1 215 21 is_stmt 0 view .LVU395
 1510 03ec 38EE077A 		vadd.f32	s14, s16, s14
 215:src/bldc/bldc.c ****             Ta = T1 + T2 + T0 / 2;
 1511              		.loc 1 215 31 view .LVU396
 1512 03f0 F6EE006A 		vmov.f32	s13, #5.0e-1
 1513 03f4 67EEA67A 		vmul.f32	s15, s15, s13
 215:src/bldc/bldc.c ****             Ta = T1 + T2 + T0 / 2;
 1514              		.loc 1 215 26 view .LVU397
 1515 03f8 37EE277A 		vadd.f32	s14, s14, s15
 215:src/bldc/bldc.c ****             Ta = T1 + T2 + T0 / 2;
 1516              		.loc 1 215 16 view .LVU398
 1517 03fc 094B     		ldr	r3, .L94
 1518 03fe 83ED007A 		vstr.32	s14, [r3]
 216:src/bldc/bldc.c ****             Tb = T0 / 2;
 1519              		.loc 1 216 13 is_stmt 1 view .LVU399
ARM GAS  /var/folders/5c/srt4fy4j1pd641bjfx75k5000000gn/T//ccbEqwAF.s 			page 39


 216:src/bldc/bldc.c ****             Tb = T0 / 2;
 1520              		.loc 1 216 16 is_stmt 0 view .LVU400
 1521 0402 094B     		ldr	r3, .L94+4
 1522 0404 C3ED007A 		vstr.32	s15, [r3]
 217:src/bldc/bldc.c ****             Tc = T1 + T0 / 2;
 1523              		.loc 1 217 13 is_stmt 1 view .LVU401
 217:src/bldc/bldc.c ****             Tc = T1 + T0 / 2;
 1524              		.loc 1 217 21 is_stmt 0 view .LVU402
 1525 0408 38EE278A 		vadd.f32	s16, s16, s15
 217:src/bldc/bldc.c ****             Tc = T1 + T0 / 2;
 1526              		.loc 1 217 16 view .LVU403
 1527 040c 074B     		ldr	r3, .L94+8
 1528 040e 83ED008A 		vstr.32	s16, [r3]
 1529 0412 FEE6     		b	.L81
 1530              	.L82:
 219:src/bldc/bldc.c ****             Ta = 0;
 1531              		.loc 1 219 13 is_stmt 1 view .LVU404
 219:src/bldc/bldc.c ****             Ta = 0;
 1532              		.loc 1 219 16 is_stmt 0 view .LVU405
 1533 0414 0023     		movs	r3, #0
 1534 0416 034A     		ldr	r2, .L94
 1535 0418 1360     		str	r3, [r2]	@ float
 220:src/bldc/bldc.c ****             Tb = 0;
 1536              		.loc 1 220 13 is_stmt 1 view .LVU406
 220:src/bldc/bldc.c ****             Tb = 0;
 1537              		.loc 1 220 16 is_stmt 0 view .LVU407
 1538 041a 034A     		ldr	r2, .L94+4
 1539 041c 1360     		str	r3, [r2]	@ float
 221:src/bldc/bldc.c ****             Tc = 0;
 1540              		.loc 1 221 13 is_stmt 1 view .LVU408
 221:src/bldc/bldc.c ****             Tc = 0;
 1541              		.loc 1 221 16 is_stmt 0 view .LVU409
 1542 041e 034A     		ldr	r2, .L94+8
 1543 0420 1360     		str	r3, [r2]	@ float
 1544 0422 F6E6     		b	.L81
 1545              	.L95:
 1546              		.align	2
 1547              	.L94:
 1548 0424 00000000 		.word	Ta.5
 1549 0428 00000000 		.word	Tb.4
 1550 042c 00000000 		.word	Tc.3
 1551              		.cfi_endproc
 1552              	.LFE145:
 1554              		.section	.bss.Uc.0,"aw",%nobits
 1555              		.align	2
 1558              	Uc.0:
 1559 0000 00000000 		.space	4
 1560              		.section	.bss.Ub.1,"aw",%nobits
 1561              		.align	2
 1564              	Ub.1:
 1565 0000 00000000 		.space	4
 1566              		.section	.bss.Ua.2,"aw",%nobits
 1567              		.align	2
 1570              	Ua.2:
 1571 0000 00000000 		.space	4
 1572              		.section	.bss.Tc.3,"aw",%nobits
 1573              		.align	2
ARM GAS  /var/folders/5c/srt4fy4j1pd641bjfx75k5000000gn/T//ccbEqwAF.s 			page 40


 1576              	Tc.3:
 1577 0000 00000000 		.space	4
 1578              		.section	.bss.Tb.4,"aw",%nobits
 1579              		.align	2
 1582              	Tb.4:
 1583 0000 00000000 		.space	4
 1584              		.section	.bss.Ta.5,"aw",%nobits
 1585              		.align	2
 1588              	Ta.5:
 1589 0000 00000000 		.space	4
 1590              		.section	.bss.T0.6,"aw",%nobits
 1591              		.align	2
 1594              	T0.6:
 1595 0000 00000000 		.space	4
 1596              		.section	.bss.T2.7,"aw",%nobits
 1597              		.align	2
 1600              	T2.7:
 1601 0000 00000000 		.space	4
 1602              		.section	.bss.T1.8,"aw",%nobits
 1603              		.align	2
 1606              	T1.8:
 1607 0000 00000000 		.space	4
 1608              		.section	.bss.sector.9,"aw",%nobits
 1611              	sector.9:
 1612 0000 00       		.space	1
 1613              		.section	.bss.Uout.10,"aw",%nobits
 1614              		.align	2
 1617              	Uout.10:
 1618 0000 00000000 		.space	4
 1619              		.section	.bss.Uq.12,"aw",%nobits
 1620              		.align	2
 1623              	Uq.12:
 1624 0000 00000000 		.space	4
 1625              		.section	.bss.phase.14,"aw",%nobits
 1626              		.align	2
 1629              	phase.14:
 1630 0000 00000000 		.space	4
 1631              		.global	dt_timer
 1632              		.section	.bss.dt_timer,"aw",%nobits
 1633              		.align	2
 1636              	dt_timer:
 1637 0000 00000000 		.space	4
 1638              		.global	w_pwm
 1639              		.section	.bss.w_pwm,"aw",%nobits
 1640              		.align	2
 1643              	w_pwm:
 1644 0000 00000000 		.space	16
 1644      00000000 
 1644      00000000 
 1644      00000000 
 1645              		.global	v_pwm
 1646              		.section	.bss.v_pwm,"aw",%nobits
 1647              		.align	2
 1650              	v_pwm:
 1651 0000 00000000 		.space	16
 1651      00000000 
 1651      00000000 
ARM GAS  /var/folders/5c/srt4fy4j1pd641bjfx75k5000000gn/T//ccbEqwAF.s 			page 41


 1651      00000000 
 1652              		.global	u_pwm
 1653              		.section	.bss.u_pwm,"aw",%nobits
 1654              		.align	2
 1657              	u_pwm:
 1658 0000 00000000 		.space	16
 1658      00000000 
 1658      00000000 
 1658      00000000 
 1659              		.section	.rodata.sin_table,"a"
 1660              		.align	2
 1663              	sin_table:
 1664 0000 00000000 		.word	0
 1665 0004 59F88E3C 		.word	1016002649
 1666 0008 C6F20E3D 		.word	1024389830
 1667 000c 3A5E563D 		.word	1029070394
 1668 0010 7BDC8E3D 		.word	1032772731
 1669 0014 B67EB23D 		.word	1035108022
 1670 0018 0513D63D 		.word	1037439749
 1671 001c A296F93D 		.word	1039767202
 1672 0020 65830E3E 		.word	1041138533
 1673 0024 5B30203E 		.word	1042296923
 1674 0028 D4D0313E 		.word	1043452116
 1675 002c 6F63433E 		.word	1044603759
 1676 0030 CDE6543E 		.word	1045751501
 1677 0034 9259663E 		.word	1046894994
 1678 0038 60BA773E 		.word	1048033888
 1679 003c EE83843E 		.word	1048871918
 1680 0040 57208D3E 		.word	1049436247
 1681 0044 BEB1953E 		.word	1049997758
 1682 0048 7A379E3E 		.word	1050556282
 1683 004c DFB0A63E 		.word	1051111647
 1684 0050 441DAF3E 		.word	1051663684
 1685 0054 017CB73E 		.word	1052212225
 1686 0058 6FCCBF3E 		.word	1052757103
 1687 005c E90DC83E 		.word	1053298153
 1688 0060 C93FD03E 		.word	1053835209
 1689 0064 6C61D83E 		.word	1054368108
 1690 0068 2F72E03E 		.word	1054896687
 1691 006c 7171E83E 		.word	1055420785
 1692 0070 945EF03E 		.word	1055940244
 1693 0074 F738F83E 		.word	1056454903
 1694 0078 0000003F 		.word	1056964608
 1695 007c 89D9033F 		.word	1057216905
 1696 0080 CAA8073F 		.word	1057466570
 1697 0084 776D0B3F 		.word	1057713527
 1698 0088 44270F3F 		.word	1057957700
 1699 008c E8D5123F 		.word	1058199016
 1700 0090 1879163F 		.word	1058437400
 1701 0094 8D101A3F 		.word	1058672781
 1702 0098 FE9B1D3F 		.word	1058905086
 1703 009c 241B213F 		.word	1059134244
 1704 00a0 BB8D243F 		.word	1059360187
 1705 00a4 7CF3273F 		.word	1059582844
 1706 00a8 254C2B3F 		.word	1059802149
 1707 00ac 72972E3F 		.word	1060018034
 1708 00b0 22D5313F 		.word	1060230434
ARM GAS  /var/folders/5c/srt4fy4j1pd641bjfx75k5000000gn/T//ccbEqwAF.s 			page 42


 1709 00b4 F304353F 		.word	1060439283
 1710 00b8 A726383F 		.word	1060644519
 1711 00bc FF393B3F 		.word	1060846079
 1712 00c0 BD3E3E3F 		.word	1061043901
 1713 00c4 A634413F 		.word	1061237926
 1714 00c8 7D1B443F 		.word	1061428093
 1715 00cc 0AF3463F 		.word	1061614346
 1716 00d0 13BB493F 		.word	1061796627
 1717 00d4 60734C3F 		.word	1061974880
 1718 00d8 BD1B4F3F 		.word	1062149053
 1719 00dc F3B3513F 		.word	1062319091
 1720 00e0 CE3B543F 		.word	1062484942
 1721 00e4 1DB3563F 		.word	1062646557
 1722 00e8 AE19593F 		.word	1062803886
 1723 00ec 516F5B3F 		.word	1062956881
 1724 00f0 D7B35D3F 		.word	1063105495
 1725 00f4 14E75F3F 		.word	1063249684
 1726 00f8 DA08623F 		.word	1063389402
 1727 00fc 0119643F 		.word	1063524609
 1728 0100 5E17663F 		.word	1063655262
 1729 0104 CA03683F 		.word	1063781322
 1730 0108 1DDE693F 		.word	1063902749
 1731 010c 35A66B3F 		.word	1064019509
 1732 0110 EC5B6D3F 		.word	1064131564
 1733 0114 20FF6E3F 		.word	1064238880
 1734 0118 B28F703F 		.word	1064341426
 1735 011c 810D723F 		.word	1064439169
 1736 0120 7178733F 		.word	1064532081
 1737 0124 63D0743F 		.word	1064620131
 1738 0128 3F15763F 		.word	1064703295
 1739 012c EA46773F 		.word	1064781546
 1740 0130 4D65783F 		.word	1064854861
 1741 0134 5170793F 		.word	1064923217
 1742 0138 E2677A3F 		.word	1064986594
 1743 013c EB4B7B3F 		.word	1065044971
 1744 0140 5C1C7C3F 		.word	1065098332
 1745 0144 25D97C3F 		.word	1065146661
 1746 0148 35827D3F 		.word	1065189941
 1747 014c 81177E3F 		.word	1065228161
 1748 0150 FD987E3F 		.word	1065261309
 1749 0154 9E067F3F 		.word	1065289374
 1750 0158 5C607F3F 		.word	1065312348
 1751 015c 2FA67F3F 		.word	1065330223
 1752 0160 14D87F3F 		.word	1065342996
 1753 0164 05F67F3F 		.word	1065350661
 1754 0168 0000803F 		.word	1065353216
 1755              		.text
 1756              	.Letext0:
 1757              		.file 5 "/opt/ST/STM32CubeCLT_1.16.0/GNU-tools-for-STM32/arm-none-eabi/include/machine/_default_ty
 1758              		.file 6 "/opt/ST/STM32CubeCLT_1.16.0/GNU-tools-for-STM32/arm-none-eabi/include/sys/_stdint.h"
 1759              		.file 7 "Drivers/CMSIS/Include/core_cm4.h"
 1760              		.file 8 "Drivers/CMSIS/Device/ST/STM32F3xx/Include/stm32f303x8.h"
 1761              		.file 9 "Drivers/STM32F3xx_HAL_Driver/Inc/stm32f3xx_hal_def.h"
 1762              		.file 10 "Drivers/STM32F3xx_HAL_Driver/Inc/stm32f3xx_hal_dma.h"
 1763              		.file 11 "Drivers/STM32F3xx_HAL_Driver/Inc/stm32f3xx_hal_tim.h"
 1764              		.file 12 "src/bldc/bldc.h"
 1765              		.file 13 "Core/Inc/tim.h"
ARM GAS  /var/folders/5c/srt4fy4j1pd641bjfx75k5000000gn/T//ccbEqwAF.s 			page 43


 1766              		.file 14 "/opt/ST/STM32CubeCLT_1.16.0/GNU-tools-for-STM32/arm-none-eabi/include/math.h"
 1767              		.file 15 "Drivers/STM32F3xx_HAL_Driver/Inc/stm32f3xx_hal_tim_ex.h"
 1768              		.file 16 "Drivers/STM32F3xx_HAL_Driver/Inc/stm32f3xx_hal_rcc.h"
 1769              		.file 17 "<built-in>"
ARM GAS  /var/folders/5c/srt4fy4j1pd641bjfx75k5000000gn/T//ccbEqwAF.s 			page 44


DEFINED SYMBOLS
                            *ABS*:00000000 bldc.c
/var/folders/5c/srt4fy4j1pd641bjfx75k5000000gn/T//ccbEqwAF.s:21     .text.SinDeg:00000000 $t
/var/folders/5c/srt4fy4j1pd641bjfx75k5000000gn/T//ccbEqwAF.s:26     .text.SinDeg:00000000 SinDeg
/var/folders/5c/srt4fy4j1pd641bjfx75k5000000gn/T//ccbEqwAF.s:185    .text.SinDeg:0000009c $d
/var/folders/5c/srt4fy4j1pd641bjfx75k5000000gn/T//ccbEqwAF.s:1663   .rodata.sin_table:00000000 sin_table
/var/folders/5c/srt4fy4j1pd641bjfx75k5000000gn/T//ccbEqwAF.s:192    .text.PwmOut_Write:00000000 $t
/var/folders/5c/srt4fy4j1pd641bjfx75k5000000gn/T//ccbEqwAF.s:197    .text.PwmOut_Write:00000000 PwmOut_Write
/var/folders/5c/srt4fy4j1pd641bjfx75k5000000gn/T//ccbEqwAF.s:249    .text.PwmOut_Write:0000004a $d
/var/folders/5c/srt4fy4j1pd641bjfx75k5000000gn/T//ccbEqwAF.s:297    .text.PwmOut_Write:0000008c $d
/var/folders/5c/srt4fy4j1pd641bjfx75k5000000gn/T//ccbEqwAF.s:302    .text.BLDC_WritePwm:00000000 $t
/var/folders/5c/srt4fy4j1pd641bjfx75k5000000gn/T//ccbEqwAF.s:307    .text.BLDC_WritePwm:00000000 BLDC_WritePwm
/var/folders/5c/srt4fy4j1pd641bjfx75k5000000gn/T//ccbEqwAF.s:383    .text.BLDC_WritePwm:00000064 $d
/var/folders/5c/srt4fy4j1pd641bjfx75k5000000gn/T//ccbEqwAF.s:1657   .bss.u_pwm:00000000 u_pwm
/var/folders/5c/srt4fy4j1pd641bjfx75k5000000gn/T//ccbEqwAF.s:1650   .bss.v_pwm:00000000 v_pwm
/var/folders/5c/srt4fy4j1pd641bjfx75k5000000gn/T//ccbEqwAF.s:1643   .bss.w_pwm:00000000 w_pwm
/var/folders/5c/srt4fy4j1pd641bjfx75k5000000gn/T//ccbEqwAF.s:391    .text.BLDC_PIDInit:00000000 $t
/var/folders/5c/srt4fy4j1pd641bjfx75k5000000gn/T//ccbEqwAF.s:396    .text.BLDC_PIDInit:00000000 BLDC_PIDInit
/var/folders/5c/srt4fy4j1pd641bjfx75k5000000gn/T//ccbEqwAF.s:429    .text.PwmOut_Init:00000000 $t
/var/folders/5c/srt4fy4j1pd641bjfx75k5000000gn/T//ccbEqwAF.s:434    .text.PwmOut_Init:00000000 PwmOut_Init
/var/folders/5c/srt4fy4j1pd641bjfx75k5000000gn/T//ccbEqwAF.s:485    .text.Timer_Read:00000000 $t
/var/folders/5c/srt4fy4j1pd641bjfx75k5000000gn/T//ccbEqwAF.s:490    .text.Timer_Read:00000000 Timer_Read
/var/folders/5c/srt4fy4j1pd641bjfx75k5000000gn/T//ccbEqwAF.s:538    .text.Timer_Read:0000002c $d
/var/folders/5c/srt4fy4j1pd641bjfx75k5000000gn/T//ccbEqwAF.s:543    .text.BLDC_Init:00000000 $t
/var/folders/5c/srt4fy4j1pd641bjfx75k5000000gn/T//ccbEqwAF.s:549    .text.BLDC_Init:00000000 BLDC_Init
/var/folders/5c/srt4fy4j1pd641bjfx75k5000000gn/T//ccbEqwAF.s:607    .text.BLDC_Init:00000040 $d
/var/folders/5c/srt4fy4j1pd641bjfx75k5000000gn/T//ccbEqwAF.s:616    .text.BLDC_OpenLoopDrive:00000000 $t
/var/folders/5c/srt4fy4j1pd641bjfx75k5000000gn/T//ccbEqwAF.s:622    .text.BLDC_OpenLoopDrive:00000000 BLDC_OpenLoopDrive
/var/folders/5c/srt4fy4j1pd641bjfx75k5000000gn/T//ccbEqwAF.s:749    .text.BLDC_OpenLoopDrive:000000a0 $d
/var/folders/5c/srt4fy4j1pd641bjfx75k5000000gn/T//ccbEqwAF.s:1636   .bss.dt_timer:00000000 dt_timer
/var/folders/5c/srt4fy4j1pd641bjfx75k5000000gn/T//ccbEqwAF.s:1629   .bss.phase.14:00000000 phase.14
/var/folders/5c/srt4fy4j1pd641bjfx75k5000000gn/T//ccbEqwAF.s:757    .text.BLDC_PIDControl:00000000 $t
/var/folders/5c/srt4fy4j1pd641bjfx75k5000000gn/T//ccbEqwAF.s:763    .text.BLDC_PIDControl:00000000 BLDC_PIDControl
/var/folders/5c/srt4fy4j1pd641bjfx75k5000000gn/T//ccbEqwAF.s:862    .text.BLDC_VectorControlInit:00000000 $t
/var/folders/5c/srt4fy4j1pd641bjfx75k5000000gn/T//ccbEqwAF.s:868    .text.BLDC_VectorControlInit:00000000 BLDC_VectorControlInit
/var/folders/5c/srt4fy4j1pd641bjfx75k5000000gn/T//ccbEqwAF.s:928    .text.BLDC_VectorControlInit:0000003c $d
/var/folders/5c/srt4fy4j1pd641bjfx75k5000000gn/T//ccbEqwAF.s:941    .text.BLDC_SensorlessVectorControlDrive:00000000 $t
/var/folders/5c/srt4fy4j1pd641bjfx75k5000000gn/T//ccbEqwAF.s:947    .text.BLDC_SensorlessVectorControlDrive:00000000 BLDC_SensorlessVectorControlDrive
/var/folders/5c/srt4fy4j1pd641bjfx75k5000000gn/T//ccbEqwAF.s:1245   .text.BLDC_SensorlessVectorControlDrive:000001e2 $d
/var/folders/5c/srt4fy4j1pd641bjfx75k5000000gn/T//ccbEqwAF.s:1250   .text.BLDC_SensorlessVectorControlDrive:000001ec $t
/var/folders/5c/srt4fy4j1pd641bjfx75k5000000gn/T//ccbEqwAF.s:1457   .text.BLDC_SensorlessVectorControlDrive:00000358 $d
/var/folders/5c/srt4fy4j1pd641bjfx75k5000000gn/T//ccbEqwAF.s:1623   .bss.Uq.12:00000000 Uq.12
/var/folders/5c/srt4fy4j1pd641bjfx75k5000000gn/T//ccbEqwAF.s:1617   .bss.Uout.10:00000000 Uout.10
/var/folders/5c/srt4fy4j1pd641bjfx75k5000000gn/T//ccbEqwAF.s:1611   .bss.sector.9:00000000 sector.9
/var/folders/5c/srt4fy4j1pd641bjfx75k5000000gn/T//ccbEqwAF.s:1606   .bss.T1.8:00000000 T1.8
/var/folders/5c/srt4fy4j1pd641bjfx75k5000000gn/T//ccbEqwAF.s:1600   .bss.T2.7:00000000 T2.7
/var/folders/5c/srt4fy4j1pd641bjfx75k5000000gn/T//ccbEqwAF.s:1594   .bss.T0.6:00000000 T0.6
/var/folders/5c/srt4fy4j1pd641bjfx75k5000000gn/T//ccbEqwAF.s:1588   .bss.Ta.5:00000000 Ta.5
/var/folders/5c/srt4fy4j1pd641bjfx75k5000000gn/T//ccbEqwAF.s:1582   .bss.Tb.4:00000000 Tb.4
/var/folders/5c/srt4fy4j1pd641bjfx75k5000000gn/T//ccbEqwAF.s:1576   .bss.Tc.3:00000000 Tc.3
/var/folders/5c/srt4fy4j1pd641bjfx75k5000000gn/T//ccbEqwAF.s:1570   .bss.Ua.2:00000000 Ua.2
/var/folders/5c/srt4fy4j1pd641bjfx75k5000000gn/T//ccbEqwAF.s:1564   .bss.Ub.1:00000000 Ub.1
/var/folders/5c/srt4fy4j1pd641bjfx75k5000000gn/T//ccbEqwAF.s:1558   .bss.Uc.0:00000000 Uc.0
/var/folders/5c/srt4fy4j1pd641bjfx75k5000000gn/T//ccbEqwAF.s:1487   .text.BLDC_SensorlessVectorControlDrive:000003c4 $t
/var/folders/5c/srt4fy4j1pd641bjfx75k5000000gn/T//ccbEqwAF.s:1548   .text.BLDC_SensorlessVectorControlDrive:00000424 $d
/var/folders/5c/srt4fy4j1pd641bjfx75k5000000gn/T//ccbEqwAF.s:1555   .bss.Uc.0:00000000 $d
/var/folders/5c/srt4fy4j1pd641bjfx75k5000000gn/T//ccbEqwAF.s:1561   .bss.Ub.1:00000000 $d
ARM GAS  /var/folders/5c/srt4fy4j1pd641bjfx75k5000000gn/T//ccbEqwAF.s 			page 45


/var/folders/5c/srt4fy4j1pd641bjfx75k5000000gn/T//ccbEqwAF.s:1567   .bss.Ua.2:00000000 $d
/var/folders/5c/srt4fy4j1pd641bjfx75k5000000gn/T//ccbEqwAF.s:1573   .bss.Tc.3:00000000 $d
/var/folders/5c/srt4fy4j1pd641bjfx75k5000000gn/T//ccbEqwAF.s:1579   .bss.Tb.4:00000000 $d
/var/folders/5c/srt4fy4j1pd641bjfx75k5000000gn/T//ccbEqwAF.s:1585   .bss.Ta.5:00000000 $d
/var/folders/5c/srt4fy4j1pd641bjfx75k5000000gn/T//ccbEqwAF.s:1591   .bss.T0.6:00000000 $d
/var/folders/5c/srt4fy4j1pd641bjfx75k5000000gn/T//ccbEqwAF.s:1597   .bss.T2.7:00000000 $d
/var/folders/5c/srt4fy4j1pd641bjfx75k5000000gn/T//ccbEqwAF.s:1603   .bss.T1.8:00000000 $d
/var/folders/5c/srt4fy4j1pd641bjfx75k5000000gn/T//ccbEqwAF.s:1612   .bss.sector.9:00000000 $d
/var/folders/5c/srt4fy4j1pd641bjfx75k5000000gn/T//ccbEqwAF.s:1614   .bss.Uout.10:00000000 $d
/var/folders/5c/srt4fy4j1pd641bjfx75k5000000gn/T//ccbEqwAF.s:1620   .bss.Uq.12:00000000 $d
/var/folders/5c/srt4fy4j1pd641bjfx75k5000000gn/T//ccbEqwAF.s:1626   .bss.phase.14:00000000 $d
/var/folders/5c/srt4fy4j1pd641bjfx75k5000000gn/T//ccbEqwAF.s:1633   .bss.dt_timer:00000000 $d
/var/folders/5c/srt4fy4j1pd641bjfx75k5000000gn/T//ccbEqwAF.s:1640   .bss.w_pwm:00000000 $d
/var/folders/5c/srt4fy4j1pd641bjfx75k5000000gn/T//ccbEqwAF.s:1647   .bss.v_pwm:00000000 $d
/var/folders/5c/srt4fy4j1pd641bjfx75k5000000gn/T//ccbEqwAF.s:1654   .bss.u_pwm:00000000 $d
/var/folders/5c/srt4fy4j1pd641bjfx75k5000000gn/T//ccbEqwAF.s:1660   .rodata.sin_table:00000000 $d
/var/folders/5c/srt4fy4j1pd641bjfx75k5000000gn/T//ccbEqwAF.s:262    .text.PwmOut_Write:00000057 $d
/var/folders/5c/srt4fy4j1pd641bjfx75k5000000gn/T//ccbEqwAF.s:262    .text.PwmOut_Write:00000058 $t

UNDEFINED SYMBOLS
HAL_TIM_PWM_Start
HAL_TIMEx_PWMN_Start
HAL_RCC_GetSysClockFreq
htim1
__aeabi_f2d
__aeabi_dadd
__aeabi_dmul
__aeabi_d2f
__aeabi_i2d
__aeabi_dsub
normalizeRadians
abs
sin
constrain
